"","Country","Year","Continent","temp_change","Area"
"1","Afghanistan",2010,"Asia",1.47216666666667,652230
"2","Afghanistan",2011,"Asia",1.20608333333333,652230
"3","Afghanistan",2012,"Asia",0.212166666666667,652230
"4","Afghanistan",2013,"Asia",1.25783333333333,652230
"5","Afghanistan",2014,"Asia",0.492416666666667,652230
"6","Afghanistan",2015,"Asia",1.09933333333333,652230
"7","Afghanistan",2016,"Asia",1.75475,652230
"8","Afghanistan",2017,"Asia",1.23341666666667,652230
"9","Afghanistan",2018,"Asia",1.596,652230
"10","Afghanistan",2019,"Asia",0.902416666666667,652230
"11","Albania",2010,"Europe",1.17316666666667,28748
"12","Albania",2011,"Europe",1.14391666666667,28748
"13","Albania",2012,"Europe",1.47566666666667,28748
"14","Albania",2013,"Europe",1.56125,28748
"15","Albania",2014,"Europe",1.4945,28748
"16","Albania",2015,"Europe",1.67475,28748
"17","Albania",2016,"Europe",1.58216666666667,28748
"18","Albania",2017,"Europe",1.44958333333333,28748
"19","Albania",2018,"Europe",2.19566666666667,28748
"20","Albania",2019,"Europe",2.07833333333333,28748
"21","Algeria",2010,"Africa",2.32366666666667,2381741
"22","Algeria",2011,"Africa",1.29683333333333,2381741
"23","Algeria",2012,"Africa",1.26741666666667,2381741
"24","Algeria",2013,"Africa",1.20658333333333,2381741
"25","Algeria",2014,"Africa",1.772,2381741
"26","Algeria",2015,"Africa",1.31075,2381741
"27","Algeria",2016,"Africa",1.92933333333333,2381741
"28","Algeria",2017,"Africa",1.47216666666667,2381741
"29","Algeria",2018,"Africa",1.43708333333333,2381741
"30","Algeria",2019,"Africa",1.31675,2381741
"31","Andorra",2010,"Europe",0.319666666666667,468
"32","Andorra",2011,"Europe",1.9075,468
"33","Andorra",2012,"Europe",1.17625,468
"34","Andorra",2013,"Europe",0.734916666666667,468
"35","Andorra",2014,"Europe",1.88316666666667,468
"36","Andorra",2015,"Europe",1.88216666666667,468
"37","Andorra",2016,"Europe",1.73791666666667,468
"38","Andorra",2017,"Europe",1.71583333333333,468
"39","Andorra",2018,"Europe",2.0715,468
"40","Andorra",2019,"Europe",1.9695,468
"41","Angola",2010,"Africa",1.05708333333333,1246700
"42","Angola",2011,"Africa",0.651666666666667,1246700
"43","Angola",2012,"Africa",0.480916666666667,1246700
"44","Angola",2013,"Africa",0.902916666666667,1246700
"45","Angola",2014,"Africa",0.759416666666667,1246700
"46","Angola",2015,"Africa",1.27966666666667,1246700
"47","Angola",2016,"Africa",1.51983333333333,1246700
"48","Angola",2017,"Africa",0.802666666666667,1246700
"49","Angola",2018,"Africa",1.2815,1246700
"50","Angola",2019,"Africa",1.7435,1246700
"51","Antigua and Barbuda",2010,"North America",0.953833333333333,442
"52","Antigua and Barbuda",2011,"North America",0.45775,442
"53","Antigua and Barbuda",2012,"North America",0.589083333333333,442
"54","Antigua and Barbuda",2013,"North America",0.693,442
"55","Antigua and Barbuda",2014,"North America",0.611333333333333,442
"56","Antigua and Barbuda",2015,"North America",0.988666666666667,442
"57","Antigua and Barbuda",2016,"North America",0.960583333333333,442
"58","Antigua and Barbuda",2017,"North America",0.823916666666667,442
"59","Antigua and Barbuda",2018,"North America",0.56075,442
"60","Antigua and Barbuda",2019,"North America",0.911666666666667,442
"61","Argentina",2010,"South America",0.13875,2780400
"62","Argentina",2011,"South America",0.335833333333333,2780400
"63","Argentina",2012,"South America",0.728166666666667,2780400
"64","Argentina",2013,"South America",0.54575,2780400
"65","Argentina",2014,"South America",0.72875,2780400
"66","Argentina",2015,"South America",0.95925,2780400
"67","Argentina",2016,"South America",0.497083333333333,2780400
"68","Argentina",2017,"South America",1.07025,2780400
"69","Argentina",2018,"South America",0.7665,2780400
"70","Argentina",2019,"South America",0.72725,2780400
"71","Armenia",2010,"Asia",2.79891666666667,29743
"72","Armenia",2011,"Asia",0.2475,29743
"73","Armenia",2012,"Asia",1.45375,29743
"74","Armenia",2013,"Asia",1.06683333333333,29743
"75","Armenia",2014,"Asia",1.88291666666667,29743
"76","Armenia",2015,"Asia",1.71683333333333,29743
"77","Armenia",2016,"Asia",1.20158333333333,29743
"78","Armenia",2017,"Asia",1.41391666666667,29743
"79","Armenia",2018,"Asia",2.87425,29743
"80","Armenia",2019,"Asia",1.89316666666667,29743
"81","Australia",2010,"Australia",0.5265,7692024
"82","Australia",2011,"Australia",0.18625,7692024
"83","Australia",2012,"Australia",0.403666666666667,7692024
"84","Australia",2013,"Australia",1.41475,7692024
"85","Australia",2014,"Australia",1.15041666666667,7692024
"86","Australia",2015,"Australia",1.06425,7692024
"87","Australia",2016,"Australia",1.12008333333333,7692024
"88","Australia",2017,"Australia",1.14441666666667,7692024
"89","Australia",2018,"Australia",1.17391666666667,7692024
"90","Australia",2019,"Australia",1.51158333333333,7692024
"91","Austria",2010,"Europe",0.458166666666667,83871
"92","Austria",2011,"Europe",1.75733333333333,83871
"93","Austria",2012,"Europe",1.60575,83871
"94","Austria",2013,"Europe",1.26808333333333,83871
"95","Austria",2014,"Europe",2.41025,83871
"96","Austria",2015,"Europe",2.292,83871
"97","Austria",2016,"Europe",1.83983333333333,83871
"98","Austria",2017,"Europe",1.71858333333333,83871
"99","Austria",2018,"Europe",2.57191666666667,83871
"100","Austria",2019,"Europe",2.46333333333333,83871
"101","Azerbaijan",2010,"Asia",2.55658333333333,86600
"102","Azerbaijan",2011,"Asia",0.44,86600
"103","Azerbaijan",2012,"Asia",1.57208333333333,86600
"104","Azerbaijan",2013,"Asia",1.41558333333333,86600
"105","Azerbaijan",2014,"Asia",1.61208333333333,86600
"106","Azerbaijan",2015,"Asia",1.59191666666667,86600
"107","Azerbaijan",2016,"Asia",1.29075,86600
"108","Azerbaijan",2017,"Asia",1.66641666666667,86600
"109","Azerbaijan",2018,"Asia",2.28975,86600
"110","Azerbaijan",2019,"Asia",2.06208333333333,86600
"111","Bahamas",2010,"North America",-0.11975,13943
"112","Bahamas",2011,"North America",0.766666666666667,13943
"113","Bahamas",2012,"North America",0.3645,13943
"114","Bahamas",2013,"North America",0.71,13943
"115","Bahamas",2014,"North America",0.662166666666667,13943
"116","Bahamas",2015,"North America",1.40783333333333,13943
"117","Bahamas",2016,"North America",0.99825,13943
"118","Bahamas",2017,"North America",1.16483333333333,13943
"119","Bahamas",2018,"North America",1.08375,13943
"120","Bahamas",2019,"North America",1.46341666666667,13943
"121","Bahrain",2010,"Asia",2.182,765
"122","Bahrain",2011,"Asia",1.1565,765
"123","Bahrain",2012,"Asia",1.652,765
"124","Bahrain",2013,"Asia",1.37575,765
"125","Bahrain",2014,"Asia",1.99641666666667,765
"126","Bahrain",2015,"Asia",2.33841666666667,765
"127","Bahrain",2016,"Asia",1.8445,765
"128","Bahrain",2017,"Asia",2.0935,765
"129","Bahrain",2018,"Asia",2.52166666666667,765
"130","Bahrain",2019,"Asia",2.20275,765
"131","Bangladesh",2010,"Asia",0.965333333333333,147570
"132","Bangladesh",2011,"Asia",0.257916666666667,147570
"133","Bangladesh",2012,"Asia",0.264583333333333,147570
"134","Bangladesh",2013,"Asia",0.46725,147570
"135","Bangladesh",2014,"Asia",0.632583333333333,147570
"136","Bangladesh",2015,"Asia",0.858416666666667,147570
"137","Bangladesh",2016,"Asia",1.49933333333333,147570
"138","Bangladesh",2017,"Asia",1.19066666666667,147570
"139","Bangladesh",2018,"Asia",0.8745,147570
"140","Bangladesh",2019,"Asia",1.19183333333333,147570
"141","Barbados",2010,"North America",1.31141666666667,430
"142","Barbados",2011,"North America",0.83475,430
"143","Barbados",2012,"North America",0.758166666666667,430
"144","Barbados",2013,"North America",0.868666666666667,430
"145","Barbados",2014,"North America",0.705916666666667,430
"146","Barbados",2015,"North America",1.05941666666667,430
"147","Barbados",2016,"North America",1.42316666666667,430
"148","Barbados",2017,"North America",0.836,430
"149","Barbados",2018,"North America",0.915333333333333,430
"150","Barbados",2019,"North America",1.2015,430
"151","Belarus",2010,"Europe",1.18808333333333,207600
"152","Belarus",2011,"Europe",1.67183333333333,207600
"153","Belarus",2012,"Europe",0.9385,207600
"154","Belarus",2013,"Europe",1.667,207600
"155","Belarus",2014,"Europe",1.94491666666667,207600
"156","Belarus",2015,"Europe",2.57,207600
"157","Belarus",2016,"Europe",1.90766666666667,207600
"158","Belarus",2017,"Europe",1.77416666666667,207600
"159","Belarus",2018,"Europe",2.10316666666667,207600
"160","Belarus",2019,"Europe",2.9815,207600
"161","Belgium",2010,"Europe",-0.07425,30528
"162","Belgium",2011,"Europe",1.85475,30528
"163","Belgium",2012,"Europe",1.03416666666667,30528
"164","Belgium",2013,"Europe",0.540666666666667,30528
"165","Belgium",2014,"Europe",2.34191666666667,30528
"166","Belgium",2015,"Europe",1.73991666666667,30528
"167","Belgium",2016,"Europe",1.46858333333333,30528
"168","Belgium",2017,"Europe",1.7495,30528
"169","Belgium",2018,"Europe",2.31,30528
"170","Belgium",2019,"Europe",2.071,30528
"171","Belize",2010,"North America",0.541416666666667,22966
"172","Belize",2011,"North America",0.805583333333333,22966
"173","Belize",2012,"North America",0.676,22966
"174","Belize",2013,"North America",0.73575,22966
"175","Belize",2014,"North America",0.701333333333333,22966
"176","Belize",2015,"North America",1.47491666666667,22966
"177","Belize",2016,"North America",1.3615,22966
"178","Belize",2017,"North America",1.19425,22966
"179","Belize",2018,"North America",0.941333333333333,22966
"180","Belize",2019,"North America",1.6075,22966
"181","Benin",2010,"Africa",1.273,112622
"182","Benin",2011,"Africa",1.04975,112622
"183","Benin",2012,"Africa",0.788833333333333,112622
"184","Benin",2013,"Africa",0.966083333333333,112622
"185","Benin",2014,"Africa",1.08108333333333,112622
"186","Benin",2015,"Africa",1.15633333333333,112622
"187","Benin",2016,"Africa",1.39975,112622
"188","Benin",2017,"Africa",1.223,112622
"189","Benin",2018,"Africa",1.13791666666667,112622
"190","Benin",2019,"Africa",1.27658333333333,112622
"191","Bhutan",2010,"Asia",1.315,38394
"192","Bhutan",2011,"Asia",0.689833333333333,38394
"193","Bhutan",2012,"Asia",0.392833333333333,38394
"194","Bhutan",2013,"Asia",0.833166666666667,38394
"195","Bhutan",2014,"Asia",1.10416666666667,38394
"196","Bhutan",2015,"Asia",1.11733333333333,38394
"197","Bhutan",2016,"Asia",1.67541666666667,38394
"198","Bhutan",2017,"Asia",1.53666666666667,38394
"199","Bhutan",2018,"Asia",1.42741666666667,38394
"200","Bhutan",2019,"Asia",1.45825,38394
"201","Bolivia",2010,"South America",0.75375,1098581
"202","Bolivia",2011,"South America",1.0995,1098581
"203","Bolivia",2012,"South America",0.879666666666667,1098581
"204","Bolivia",2013,"South America",0.641416666666667,1098581
"205","Bolivia",2014,"South America",1.00833333333333,1098581
"206","Bolivia",2015,"South America",1.62725,1098581
"207","Bolivia",2016,"South America",0.711333333333333,1098581
"208","Bolivia",2017,"South America",0.991166666666667,1098581
"209","Bolivia",2018,"South America",0.561666666666667,1098581
"210","Bolivia",2019,"South America",1.01375,1098581
"211","Bosnia and Herzegovina",2010,"Europe",0.86625,51209
"212","Bosnia and Herzegovina",2011,"Europe",1.33458333333333,51209
"213","Bosnia and Herzegovina",2012,"Europe",1.60708333333333,51209
"214","Bosnia and Herzegovina",2013,"Europe",1.51941666666667,51209
"215","Bosnia and Herzegovina",2014,"Europe",1.91366666666667,51209
"216","Bosnia and Herzegovina",2015,"Europe",1.84133333333333,51209
"217","Bosnia and Herzegovina",2016,"Europe",1.55675,51209
"218","Bosnia and Herzegovina",2017,"Europe",1.54175,51209
"219","Bosnia and Herzegovina",2018,"Europe",2.25616666666667,51209
"220","Bosnia and Herzegovina",2019,"Europe",2.22358333333333,51209
"221","Botswana",2010,"Africa",1.15241666666667,582000
"222","Botswana",2011,"Africa",0.316083333333333,582000
"223","Botswana",2012,"Africa",0.831666666666667,582000
"224","Botswana",2013,"Africa",0.989583333333333,582000
"225","Botswana",2014,"Africa",0.256916666666667,582000
"226","Botswana",2015,"Africa",2.02983333333333,582000
"227","Botswana",2016,"Africa",1.4125,582000
"228","Botswana",2017,"Africa",0.202666666666667,582000
"229","Botswana",2018,"Africa",0.824166666666667,582000
"230","Botswana",2019,"Africa",1.74833333333333,582000
"231","Brazil",2010,"South America",1.18116666666667,8515767
"232","Brazil",2011,"South America",0.8325,8515767
"233","Brazil",2012,"South America",1.18183333333333,8515767
"234","Brazil",2013,"South America",1.02558333333333,8515767
"235","Brazil",2014,"South America",1.29133333333333,8515767
"236","Brazil",2015,"South America",1.775,8515767
"237","Brazil",2016,"South America",1.54541666666667,8515767
"238","Brazil",2017,"South America",1.48925,8515767
"239","Brazil",2018,"South America",1.26683333333333,8515767
"240","Brazil",2019,"South America",1.71741666666667,8515767
"241","Bulgaria",2010,"Europe",1.2145,110879
"242","Bulgaria",2011,"Europe",0.43125,110879
"243","Bulgaria",2012,"Europe",1.42575,110879
"244","Bulgaria",2013,"Europe",1.48875,110879
"245","Bulgaria",2014,"Europe",1.34141666666667,110879
"246","Bulgaria",2015,"Europe",1.4965,110879
"247","Bulgaria",2016,"Europe",1.5375,110879
"248","Bulgaria",2017,"Europe",1.31708333333333,110879
"249","Bulgaria",2018,"Europe",1.92133333333333,110879
"250","Bulgaria",2019,"Europe",2.36041666666667,110879
"251","Burkina Faso",2010,"Africa",1.15675,272967
"252","Burkina Faso",2011,"Africa",0.899416666666667,272967
"253","Burkina Faso",2012,"Africa",0.568583333333333,272967
"254","Burkina Faso",2013,"Africa",0.779416666666667,272967
"255","Burkina Faso",2014,"Africa",0.904,272967
"256","Burkina Faso",2015,"Africa",0.9905,272967
"257","Burkina Faso",2016,"Africa",1.32741666666667,272967
"258","Burkina Faso",2017,"Africa",1.12533333333333,272967
"259","Burkina Faso",2018,"Africa",1.11125,272967
"260","Burkina Faso",2019,"Africa",1.1275,272967
"261","Burundi",2010,"Africa",0.385583333333333,27834
"262","Burundi",2011,"Africa",0.618333333333333,27834
"263","Burundi",2012,"Africa",0.2395,27834
"264","Burundi",2013,"Africa",0.3345,27834
"265","Burundi",2014,"Africa",0,27834
"266","Burundi",2015,"Africa",0,27834
"267","Burundi",2016,"Africa",0,27834
"268","Burundi",2017,"Africa",0,27834
"269","Burundi",2018,"Africa",0,27834
"270","Burundi",2019,"Africa",0,27834
"271","Cambodia",2010,"Asia",1.08116666666667,181035
"272","Cambodia",2011,"Asia",0.288083333333333,181035
"273","Cambodia",2012,"Asia",0.918833333333333,181035
"274","Cambodia",2013,"Asia",0.7055,181035
"275","Cambodia",2014,"Asia",0.68175,181035
"276","Cambodia",2015,"Asia",1.16433333333333,181035
"277","Cambodia",2016,"Asia",1.32,181035
"278","Cambodia",2017,"Asia",0.982916666666667,181035
"279","Cambodia",2018,"Asia",0.837333333333333,181035
"280","Cambodia",2019,"Asia",1.36383333333333,181035
"281","Cameroon",2010,"Africa",1.20791666666667,475442
"282","Cameroon",2011,"Africa",0.626083333333333,475442
"283","Cameroon",2012,"Africa",0.58525,475442
"284","Cameroon",2013,"Africa",0.857333333333333,475442
"285","Cameroon",2014,"Africa",0.886583333333333,475442
"286","Cameroon",2015,"Africa",1.109,475442
"287","Cameroon",2016,"Africa",1.34233333333333,475442
"288","Cameroon",2017,"Africa",1.20491666666667,475442
"289","Cameroon",2018,"Africa",1.07466666666667,475442
"290","Cameroon",2019,"Africa",1.60158333333333,475442
"291","Canada",2010,"North America",3.08183333333333,9984670
"292","Canada",2011,"North America",1.44525,9984670
"293","Canada",2012,"North America",1.90916666666667,9984670
"294","Canada",2013,"North America",0.854666666666667,9984670
"295","Canada",2014,"North America",0.713916666666667,9984670
"296","Canada",2015,"North America",1.26283333333333,9984670
"297","Canada",2016,"North America",2.10258333333333,9984670
"298","Canada",2017,"North America",1.56591666666667,9984670
"299","Canada",2018,"North America",0.634833333333333,9984670
"300","Canada",2019,"North America",1.22808333333333,9984670
"301","Central African Republic",2010,"Africa",1.25166666666667,622984
"302","Central African Republic",2011,"Africa",0.62275,622984
"303","Central African Republic",2012,"Africa",0.754166666666667,622984
"304","Central African Republic",2013,"Africa",0.8175,622984
"305","Central African Republic",2014,"Africa",0.681083333333333,622984
"306","Central African Republic",2015,"Africa",0.906583333333333,622984
"307","Central African Republic",2016,"Africa",1.40283333333333,622984
"308","Central African Republic",2017,"Africa",1.2435,622984
"309","Central African Republic",2018,"Africa",1.12175,622984
"310","Central African Republic",2019,"Africa",1.43933333333333,622984
"311","Chad",2010,"Africa",1.28991666666667,1284000
"312","Chad",2011,"Africa",0.980333333333333,1284000
"313","Chad",2012,"Africa",0.703916666666667,1284000
"314","Chad",2013,"Africa",1.14883333333333,1284000
"315","Chad",2014,"Africa",1.00833333333333,1284000
"316","Chad",2015,"Africa",1.16025,1284000
"317","Chad",2016,"Africa",1.39858333333333,1284000
"318","Chad",2017,"Africa",1.23758333333333,1284000
"319","Chad",2018,"Africa",1.39716666666667,1284000
"320","Chad",2019,"Africa",1.48325,1284000
"321","Chile",2010,"South America",-0.1225,756102
"322","Chile",2011,"South America",0.25775,756102
"323","Chile",2012,"South America",0.43575,756102
"324","Chile",2013,"South America",0.41825,756102
"325","Chile",2014,"South America",0.30425,756102
"326","Chile",2015,"South America",0.738416666666667,756102
"327","Chile",2016,"South America",0.859416666666667,756102
"328","Chile",2017,"South America",0.667083333333333,756102
"329","Chile",2018,"South America",0.339166666666667,756102
"330","Chile",2019,"South America",0.46925,756102
"331","China",2010,"Asia",0.982583333333333,9706961
"332","China",2011,"Asia",0.767583333333333,9706961
"333","China",2012,"Asia",0.5445,9706961
"334","China",2013,"Asia",1.20966666666667,9706961
"335","China",2014,"Asia",0.983833333333333,9706961
"336","China",2015,"Asia",1.42475,9706961
"337","China",2016,"Asia",1.44183333333333,9706961
"338","China",2017,"Asia",1.45416666666667,9706961
"339","China",2018,"Asia",1.26908333333333,9706961
"340","China",2019,"Asia",1.47841666666667,9706961
"341","Colombia",2010,"South America",0.930916666666667,1141748
"342","Colombia",2011,"South America",0.58475,1141748
"343","Colombia",2012,"South America",0.7235,1141748
"344","Colombia",2013,"South America",0.820833333333333,1141748
"345","Colombia",2014,"South America",0.838,1141748
"346","Colombia",2015,"South America",1.28808333333333,1141748
"347","Colombia",2016,"South America",0.984166666666667,1141748
"348","Colombia",2017,"South America",0.82075,1141748
"349","Colombia",2018,"South America",1.08608333333333,1141748
"350","Colombia",2019,"South America",1.38683333333333,1141748
"351","Comoros",2010,"Africa",1.10775,1862
"352","Comoros",2011,"Africa",0.861916666666667,1862
"353","Comoros",2012,"Africa",0.763583333333333,1862
"354","Comoros",2013,"Africa",1.02858333333333,1862
"355","Comoros",2014,"Africa",1.16191666666667,1862
"356","Comoros",2015,"Africa",1.39108333333333,1862
"357","Comoros",2016,"Africa",1.31608333333333,1862
"358","Comoros",2017,"Africa",1.55775,1862
"359","Comoros",2018,"Africa",1.37025,1862
"360","Comoros",2019,"Africa",1.92858333333333,1862
"361","Costa Rica",2010,"North America",0.789166666666667,51100
"362","Costa Rica",2011,"North America",0.523083333333333,51100
"363","Costa Rica",2012,"North America",0.416416666666667,51100
"364","Costa Rica",2013,"North America",0.709916666666667,51100
"365","Costa Rica",2014,"North America",0.673583333333333,51100
"366","Costa Rica",2015,"North America",0.89725,51100
"367","Costa Rica",2016,"North America",0.967416666666667,51100
"368","Costa Rica",2017,"North America",0.812,51100
"369","Costa Rica",2018,"North America",0.946416666666667,51100
"370","Costa Rica",2019,"North America",1.26241666666667,51100
"371","Croatia",2010,"Europe",0.718,56594
"372","Croatia",2011,"Europe",1.4915,56594
"373","Croatia",2012,"Europe",1.66891666666667,56594
"374","Croatia",2013,"Europe",1.45058333333333,56594
"375","Croatia",2014,"Europe",2.059,56594
"376","Croatia",2015,"Europe",1.94916666666667,56594
"377","Croatia",2016,"Europe",1.6555,56594
"378","Croatia",2017,"Europe",1.61625,56594
"379","Croatia",2018,"Europe",2.27325,56594
"380","Croatia",2019,"Europe",2.29775,56594
"381","Cuba",2010,"North America",0.211833333333333,109884
"382","Cuba",2011,"North America",0.6885,109884
"383","Cuba",2012,"North America",0.518333333333333,109884
"384","Cuba",2013,"North America",0.822083333333333,109884
"385","Cuba",2014,"North America",0.786583333333333,109884
"386","Cuba",2015,"North America",1.37916666666667,109884
"387","Cuba",2016,"North America",1.18883333333333,109884
"388","Cuba",2017,"North America",1.22833333333333,109884
"389","Cuba",2018,"North America",1.22,109884
"390","Cuba",2019,"North America",1.58775,109884
"391","Cyprus",2010,"Asia",2.07116666666667,9251
"392","Cyprus",2011,"Asia",0.482333333333333,9251
"393","Cyprus",2012,"Asia",1.0365,9251
"394","Cyprus",2013,"Asia",1.03758333333333,9251
"395","Cyprus",2014,"Asia",1.34875,9251
"396","Cyprus",2015,"Asia",1.0215,9251
"397","Cyprus",2016,"Asia",1.4195,9251
"398","Cyprus",2017,"Asia",1.16075,9251
"399","Cyprus",2018,"Asia",2.13483333333333,9251
"400","Cyprus",2019,"Asia",1.54208333333333,9251
"401","Denmark",2010,"Europe",-0.60975,43094
"402","Denmark",2011,"Europe",1.44016666666667,43094
"403","Denmark",2012,"Europe",0.761416666666667,43094
"404","Denmark",2013,"Europe",0.8425,43094
"405","Denmark",2014,"Europe",2.52233333333333,43094
"406","Denmark",2015,"Europe",1.80275,43094
"407","Denmark",2016,"Europe",1.66458333333333,43094
"408","Denmark",2017,"Europe",1.55308333333333,43094
"409","Denmark",2018,"Europe",2.11391666666667,43094
"410","Denmark",2019,"Europe",2.20933333333333,43094
"411","Djibouti",2010,"Africa",0.869083333333333,23200
"412","Djibouti",2011,"Africa",0.782833333333333,23200
"413","Djibouti",2012,"Africa",0.640083333333333,23200
"414","Djibouti",2013,"Africa",1.09375,23200
"415","Djibouti",2014,"Africa",1.0605,23200
"416","Djibouti",2015,"Africa",1.68658333333333,23200
"417","Djibouti",2016,"Africa",1.49241666666667,23200
"418","Djibouti",2017,"Africa",1.59641666666667,23200
"419","Djibouti",2018,"Africa",0.818666666666667,23200
"420","Djibouti",2019,"Africa",1.09341666666667,23200
"421","Dominica",2010,"North America",1.12108333333333,751
"422","Dominica",2011,"North America",0.568416666666667,751
"423","Dominica",2012,"North America",0.725083333333333,751
"424","Dominica",2013,"North America",0.726416666666667,751
"425","Dominica",2014,"North America",0.679583333333333,751
"426","Dominica",2015,"North America",0.993333333333333,751
"427","Dominica",2016,"North America",1.06491666666667,751
"428","Dominica",2017,"North America",0.826583333333333,751
"429","Dominica",2018,"North America",0.542833333333333,751
"430","Dominica",2019,"North America",0.808583333333333,751
"431","Dominican Republic",2010,"North America",1.242,48671
"432","Dominican Republic",2011,"North America",0.785583333333333,48671
"433","Dominican Republic",2012,"North America",0.91275,48671
"434","Dominican Republic",2013,"North America",1.182,48671
"435","Dominican Republic",2014,"North America",1.07616666666667,48671
"436","Dominican Republic",2015,"North America",1.41491666666667,48671
"437","Dominican Republic",2016,"North America",1.25258333333333,48671
"438","Dominican Republic",2017,"North America",1.10716666666667,48671
"439","Dominican Republic",2018,"North America",1.10875,48671
"440","Dominican Republic",2019,"North America",1.53,48671
"441","Ecuador",2010,"South America",1.02225,276841
"442","Ecuador",2011,"South America",0.856583333333333,276841
"443","Ecuador",2012,"South America",0.710583333333333,276841
"444","Ecuador",2013,"South America",0.743333333333333,276841
"445","Ecuador",2014,"South America",0.994583333333333,276841
"446","Ecuador",2015,"South America",1.43466666666667,276841
"447","Ecuador",2016,"South America",1.42008333333333,276841
"448","Ecuador",2017,"South America",1.09458333333333,276841
"449","Ecuador",2018,"South America",0.890333333333333,276841
"450","Ecuador",2019,"South America",1.37316666666667,276841
"451","Egypt",2010,"Africa",2.28891666666667,1002450
"452","Egypt",2011,"Africa",0.399333333333333,1002450
"453","Egypt",2012,"Africa",0.92925,1002450
"454","Egypt",2013,"Africa",0.9285,1002450
"455","Egypt",2014,"Africa",1.29283333333333,1002450
"456","Egypt",2015,"Africa",0.974583333333333,1002450
"457","Egypt",2016,"Africa",1.19641666666667,1002450
"458","Egypt",2017,"Africa",0.779666666666667,1002450
"459","Egypt",2018,"Africa",1.82333333333333,1002450
"460","Egypt",2019,"Africa",0.994333333333333,1002450
"461","El Salvador",2010,"North America",0.4855,21041
"462","El Salvador",2011,"North America",0.748166666666667,21041
"463","El Salvador",2012,"North America",0.774416666666667,21041
"464","El Salvador",2013,"North America",0.755916666666667,21041
"465","El Salvador",2014,"North America",0.649583333333333,21041
"466","El Salvador",2015,"North America",1.37216666666667,21041
"467","El Salvador",2016,"North America",1.13591666666667,21041
"468","El Salvador",2017,"North America",0.6505,21041
"469","El Salvador",2018,"North America",0.780666666666667,21041
"470","El Salvador",2019,"North America",1.13858333333333,21041
"471","Equatorial Guinea",2010,"Africa",1.08883333333333,28051
"472","Equatorial Guinea",2011,"Africa",0.7975,28051
"473","Equatorial Guinea",2012,"Africa",0.678,28051
"474","Equatorial Guinea",2013,"Africa",0.813833333333333,28051
"475","Equatorial Guinea",2014,"Africa",0.870666666666667,28051
"476","Equatorial Guinea",2015,"Africa",1.0005,28051
"477","Equatorial Guinea",2016,"Africa",1.44958333333333,28051
"478","Equatorial Guinea",2017,"Africa",1.27341666666667,28051
"479","Equatorial Guinea",2018,"Africa",0.914916666666667,28051
"480","Equatorial Guinea",2019,"Africa",1.62125,28051
"481","Eritrea",2010,"Africa",1.79991666666667,117600
"482","Eritrea",2011,"Africa",1.67975,117600
"483","Eritrea",2012,"Africa",1.48116666666667,117600
"484","Eritrea",2013,"Africa",1.26491666666667,117600
"485","Eritrea",2014,"Africa",0.938583333333333,117600
"486","Eritrea",2015,"Africa",1.80016666666667,117600
"487","Eritrea",2016,"Africa",1.32708333333333,117600
"488","Eritrea",2017,"Africa",1.57025,117600
"489","Eritrea",2018,"Africa",1.04475,117600
"490","Eritrea",2019,"Africa",0.930333333333333,117600
"491","Estonia",2010,"Europe",0.257833333333333,45227
"492","Estonia",2011,"Europe",2.09058333333333,45227
"493","Estonia",2012,"Europe",0.813583333333333,45227
"494","Estonia",2013,"Europe",1.82291666666667,45227
"495","Estonia",2014,"Europe",2.22833333333333,45227
"496","Estonia",2015,"Europe",2.68533333333333,45227
"497","Estonia",2016,"Europe",1.71341666666667,45227
"498","Estonia",2017,"Europe",1.596,45227
"499","Estonia",2018,"Europe",2.2285,45227
"500","Estonia",2019,"Europe",2.5295,45227
"501","Eswatini",2010,"Africa",1.07341666666667,17364
"502","Eswatini",2011,"Africa",0.499333333333333,17364
"503","Eswatini",2012,"Africa",0.741416666666667,17364
"504","Eswatini",2013,"Africa",0.304833333333333,17364
"505","Eswatini",2014,"Africa",0.60025,17364
"506","Eswatini",2015,"Africa",1.28458333333333,17364
"507","Eswatini",2016,"Africa",1.56441666666667,17364
"508","Eswatini",2017,"Africa",0.400333333333333,17364
"509","Eswatini",2018,"Africa",1.16666666666667,17364
"510","Eswatini",2019,"Africa",1.22075,17364
"511","Ethiopia",2010,"Africa",1.26475,1104300
"512","Ethiopia",2011,"Africa",1.14483333333333,1104300
"513","Ethiopia",2012,"Africa",1.14041666666667,1104300
"514","Ethiopia",2013,"Africa",1.1405,1104300
"515","Ethiopia",2014,"Africa",1.14008333333333,1104300
"516","Ethiopia",2015,"Africa",1.52908333333333,1104300
"517","Ethiopia",2016,"Africa",1.54075,1104300
"518","Ethiopia",2017,"Africa",1.456,1104300
"519","Ethiopia",2018,"Africa",0.9575,1104300
"520","Ethiopia",2019,"Africa",1.3355,1104300
"521","Fiji",2010,"Australia",1.05591666666667,18272
"522","Fiji",2011,"Australia",1.02425,18272
"523","Fiji",2012,"Australia",0.678333333333333,18272
"524","Fiji",2013,"Australia",1.06275,18272
"525","Fiji",2014,"Australia",0.853166666666667,18272
"526","Fiji",2015,"Australia",0.827833333333333,18272
"527","Fiji",2016,"Australia",1.30091666666667,18272
"528","Fiji",2017,"Australia",1.27516666666667,18272
"529","Fiji",2018,"Australia",1.14575,18272
"530","Fiji",2019,"Australia",1.20933333333333,18272
"531","Finland",2010,"Europe",-0.0928333333333334,338424
"532","Finland",2011,"Europe",2.30291666666667,338424
"533","Finland",2012,"Europe",0.708416666666667,338424
"534","Finland",2013,"Europe",2.1185,338424
"535","Finland",2014,"Europe",2.46158333333333,338424
"536","Finland",2015,"Europe",2.80791666666667,338424
"537","Finland",2016,"Europe",2.02483333333333,338424
"538","Finland",2017,"Europe",1.50633333333333,338424
"539","Finland",2018,"Europe",2.06433333333333,338424
"540","Finland",2019,"Europe",1.72225,338424
"541","France",2010,"Europe",0.183083333333333,551695
"542","France",2011,"Europe",1.90958333333333,551695
"543","France",2012,"Europe",1.11291666666667,551695
"544","France",2013,"Europe",0.696,551695
"545","France",2014,"Europe",2.00858333333333,551695
"546","France",2015,"Europe",1.844,551695
"547","France",2016,"Europe",1.48258333333333,551695
"548","France",2017,"Europe",1.71816666666667,551695
"549","France",2018,"Europe",2.18616666666667,551695
"550","France",2019,"Europe",2.02375,551695
"551","French Guiana",2010,"South America",1.49441666666667,83534
"552","French Guiana",2011,"South America",1.05358333333333,83534
"553","French Guiana",2012,"South America",1.10125,83534
"554","French Guiana",2013,"South America",1.14408333333333,83534
"555","French Guiana",2014,"South America",1.25741666666667,83534
"556","French Guiana",2015,"South America",1.37133333333333,83534
"557","French Guiana",2016,"South America",1.73666666666667,83534
"558","French Guiana",2017,"South America",1.4535,83534
"559","French Guiana",2018,"South America",1.16683333333333,83534
"560","French Guiana",2019,"South America",1.61175,83534
"561","Gabon",2010,"Africa",0.924833333333333,267668
"562","Gabon",2011,"Africa",0.492916666666667,267668
"563","Gabon",2012,"Africa",0.512666666666667,267668
"564","Gabon",2013,"Africa",0.713,267668
"565","Gabon",2014,"Africa",0.767833333333333,267668
"566","Gabon",2015,"Africa",0.943666666666667,267668
"567","Gabon",2016,"Africa",1.3605,267668
"568","Gabon",2017,"Africa",1.23741666666667,267668
"569","Gabon",2018,"Africa",0.970416666666667,267668
"570","Gabon",2019,"Africa",1.63041666666667,267668
"571","Gambia",2010,"Africa",1.62508333333333,10689
"572","Gambia",2011,"Africa",1.12508333333333,10689
"573","Gambia",2012,"Africa",1.20483333333333,10689
"574","Gambia",2013,"Africa",1.28041666666667,10689
"575","Gambia",2014,"Africa",1.48233333333333,10689
"576","Gambia",2015,"Africa",1.51466666666667,10689
"577","Gambia",2016,"Africa",2.02758333333333,10689
"578","Gambia",2017,"Africa",1.94841666666667,10689
"579","Gambia",2018,"Africa",1.40191666666667,10689
"580","Gambia",2019,"Africa",1.64058333333333,10689
"581","Georgia",2010,"Asia",2.6395,69700
"582","Georgia",2011,"Asia",0.0680833333333333,69700
"583","Georgia",2012,"Asia",1.27458333333333,69700
"584","Georgia",2013,"Asia",1.1765,69700
"585","Georgia",2014,"Asia",1.654,69700
"586","Georgia",2015,"Asia",1.61208333333333,69700
"587","Georgia",2016,"Asia",1.10941666666667,69700
"588","Georgia",2017,"Asia",1.33166666666667,69700
"589","Georgia",2018,"Asia",2.51258333333333,69700
"590","Georgia",2019,"Asia",1.85725,69700
"591","Germany",2010,"Europe",-0.134833333333333,357114
"592","Germany",2011,"Europe",1.74191666666667,357114
"593","Germany",2012,"Europe",1.14,357114
"594","Germany",2013,"Europe",0.7655,357114
"595","Germany",2014,"Europe",2.43108333333333,357114
"596","Germany",2015,"Europe",1.99541666666667,357114
"597","Germany",2016,"Europe",1.64858333333333,357114
"598","Germany",2017,"Europe",1.66116666666667,357114
"599","Germany",2018,"Europe",2.49016666666667,357114
"600","Germany",2019,"Europe",2.34075,357114
"601","Ghana",2010,"Africa",1.21166666666667,238533
"602","Ghana",2011,"Africa",0.818833333333333,238533
"603","Ghana",2012,"Africa",0.596166666666667,238533
"604","Ghana",2013,"Africa",0.819166666666667,238533
"605","Ghana",2014,"Africa",0.90725,238533
"606","Ghana",2015,"Africa",1.097,238533
"607","Ghana",2016,"Africa",1.38533333333333,238533
"608","Ghana",2017,"Africa",1.28458333333333,238533
"609","Ghana",2018,"Africa",1.11141666666667,238533
"610","Ghana",2019,"Africa",1.27833333333333,238533
"611","Greece",2010,"Europe",1.57766666666667,131990
"612","Greece",2011,"Europe",0.331166666666667,131990
"613","Greece",2012,"Europe",1.25916666666667,131990
"614","Greece",2013,"Europe",1.347,131990
"615","Greece",2014,"Europe",1.29175,131990
"616","Greece",2015,"Europe",0.86575,131990
"617","Greece",2016,"Europe",1.44958333333333,131990
"618","Greece",2017,"Europe",1.03441666666667,131990
"619","Greece",2018,"Europe",1.85683333333333,131990
"620","Greece",2019,"Europe",1.65225,131990
"621","Greenland",2010,"North America",3.12616666666667,2166086
"622","Greenland",2011,"North America",1.19841666666667,2166086
"623","Greenland",2012,"North America",1.82383333333333,2166086
"624","Greenland",2013,"North America",1.27375,2166086
"625","Greenland",2014,"North America",1.32066666666667,2166086
"626","Greenland",2015,"North America",0.137833333333333,2166086
"627","Greenland",2016,"North America",2.51466666666667,2166086
"628","Greenland",2017,"North America",1.49716666666667,2166086
"629","Greenland",2018,"North America",0.801583333333333,2166086
"630","Greenland",2019,"North America",1.90933333333333,2166086
"631","Grenada",2010,"North America",1.4275,344
"632","Grenada",2011,"North America",0.949833333333333,344
"633","Grenada",2012,"North America",0.918916666666667,344
"634","Grenada",2013,"North America",0.9955,344
"635","Grenada",2014,"North America",0.958583333333333,344
"636","Grenada",2015,"North America",1.11825,344
"637","Grenada",2016,"North America",1.10458333333333,344
"638","Grenada",2017,"North America",1.06258333333333,344
"639","Grenada",2018,"North America",0.70825,344
"640","Grenada",2019,"North America",1.04833333333333,344
"641","Guadeloupe",2010,"North America",0.962333333333333,1628
"642","Guadeloupe",2011,"North America",0.46125,1628
"643","Guadeloupe",2012,"North America",0.62275,1628
"644","Guadeloupe",2013,"North America",0.68025,1628
"645","Guadeloupe",2014,"North America",0.653333333333333,1628
"646","Guadeloupe",2015,"North America",0.984166666666667,1628
"647","Guadeloupe",2016,"North America",0.988333333333333,1628
"648","Guadeloupe",2017,"North America",0.809833333333333,1628
"649","Guadeloupe",2018,"North America",0.559166666666667,1628
"650","Guadeloupe",2019,"North America",0.875916666666667,1628
"651","Guatemala",2010,"North America",0.54425,108889
"652","Guatemala",2011,"North America",0.820166666666667,108889
"653","Guatemala",2012,"North America",0.561166666666667,108889
"654","Guatemala",2013,"North America",0.654833333333333,108889
"655","Guatemala",2014,"North America",0.597083333333333,108889
"656","Guatemala",2015,"North America",1.32583333333333,108889
"657","Guatemala",2016,"North America",1.30116666666667,108889
"658","Guatemala",2017,"North America",0.923833333333333,108889
"659","Guatemala",2018,"North America",0.9435,108889
"660","Guatemala",2019,"North America",1.5625,108889
"661","Guinea",2010,"Africa",1.44825,245857
"662","Guinea",2011,"Africa",1.03533333333333,245857
"663","Guinea",2012,"Africa",0.743666666666667,245857
"664","Guinea",2013,"Africa",1.13825,245857
"665","Guinea",2014,"Africa",1.10158333333333,245857
"666","Guinea",2015,"Africa",1.19141666666667,245857
"667","Guinea",2016,"Africa",1.5025,245857
"668","Guinea",2017,"Africa",1.6345,245857
"669","Guinea",2018,"Africa",1.309,245857
"670","Guinea",2019,"Africa",1.56366666666667,245857
"671","Guyana",2010,"South America",1.28133333333333,214969
"672","Guyana",2011,"South America",0.86825,214969
"673","Guyana",2012,"South America",0.946916666666667,214969
"674","Guyana",2013,"South America",1.00833333333333,214969
"675","Guyana",2014,"South America",1.39675,214969
"676","Guyana",2015,"South America",1.62416666666667,214969
"677","Guyana",2016,"South America",1.73916666666667,214969
"678","Guyana",2017,"South America",0.997083333333333,214969
"679","Guyana",2018,"South America",0.801833333333333,214969
"680","Guyana",2019,"South America",0.982166666666667,214969
"681","Haiti",2010,"North America",0.996583333333333,27750
"682","Haiti",2011,"North America",0.72475,27750
"683","Haiti",2012,"North America",0.86425,27750
"684","Haiti",2013,"North America",1.14666666666667,27750
"685","Haiti",2014,"North America",1.13158333333333,27750
"686","Haiti",2015,"North America",1.42441666666667,27750
"687","Haiti",2016,"North America",1.26675,27750
"688","Haiti",2017,"North America",1.09025,27750
"689","Haiti",2018,"North America",1.28308333333333,27750
"690","Haiti",2019,"North America",1.56283333333333,27750
"691","Honduras",2010,"North America",0.52925,112492
"692","Honduras",2011,"North America",0.740416666666667,112492
"693","Honduras",2012,"North America",0.638833333333333,112492
"694","Honduras",2013,"North America",0.88025,112492
"695","Honduras",2014,"North America",0.625666666666667,112492
"696","Honduras",2015,"North America",1.27358333333333,112492
"697","Honduras",2016,"North America",1.28283333333333,112492
"698","Honduras",2017,"North America",0.97725,112492
"699","Honduras",2018,"North America",0.924416666666667,112492
"700","Honduras",2019,"North America",1.44216666666667,112492
"701","Hungary",2010,"Europe",0.611,93028
"702","Hungary",2011,"Europe",1.23133333333333,93028
"703","Hungary",2012,"Europe",1.497,93028
"704","Hungary",2013,"Europe",1.37341666666667,93028
"705","Hungary",2014,"Europe",2.31008333333333,93028
"706","Hungary",2015,"Europe",2.11841666666667,93028
"707","Hungary",2016,"Europe",1.63158333333333,93028
"708","Hungary",2017,"Europe",1.572,93028
"709","Hungary",2018,"Europe",2.47433333333333,93028
"710","Hungary",2019,"Europe",2.59125,93028
"711","Iceland",2010,"Europe",1.13158333333333,103000
"712","Iceland",2011,"Europe",0.793583333333333,103000
"713","Iceland",2012,"Europe",0.935333333333333,103000
"714","Iceland",2013,"Europe",0.592666666666667,103000
"715","Iceland",2014,"Europe",1.63616666666667,103000
"716","Iceland",2015,"Europe",0.393916666666667,103000
"717","Iceland",2016,"Europe",1.65066666666667,103000
"718","Iceland",2017,"Europe",1.34683333333333,103000
"719","Iceland",2018,"Europe",0.99975,103000
"720","Iceland",2019,"Europe",1.133,103000
"721","India",2010,"Asia",0.92925,3287590
"722","India",2011,"Asia",0.295583333333333,3287590
"723","India",2012,"Asia",0.371916666666667,3287590
"724","India",2013,"Asia",0.269416666666667,3287590
"725","India",2014,"Asia",0.390916666666667,3287590
"726","India",2015,"Asia",0.675333333333333,3287590
"727","India",2016,"Asia",0.986333333333333,3287590
"728","India",2017,"Asia",0.836833333333333,3287590
"729","India",2018,"Asia",0.712083333333333,3287590
"730","India",2019,"Asia",0.674666666666667,3287590
"731","Indonesia",2010,"Asia",0.699333333333333,1904569
"732","Indonesia",2011,"Asia",0.33725,1904569
"733","Indonesia",2012,"Asia",0.4585,1904569
"734","Indonesia",2013,"Asia",0.790083333333333,1904569
"735","Indonesia",2014,"Asia",0.734,1904569
"736","Indonesia",2015,"Asia",0.807166666666667,1904569
"737","Indonesia",2016,"Asia",1.33141666666667,1904569
"738","Indonesia",2017,"Asia",0.86075,1904569
"739","Indonesia",2018,"Asia",0.854416666666667,1904569
"740","Indonesia",2019,"Asia",0.925,1904569
"741","Iraq",2010,"Asia",2.58141666666667,438317
"742","Iraq",2011,"Asia",0.56225,438317
"743","Iraq",2012,"Asia",1.35083333333333,438317
"744","Iraq",2013,"Asia",0.953666666666667,438317
"745","Iraq",2014,"Asia",1.40666666666667,438317
"746","Iraq",2015,"Asia",1.59383333333333,438317
"747","Iraq",2016,"Asia",1.63541666666667,438317
"748","Iraq",2017,"Asia",1.86158333333333,438317
"749","Iraq",2018,"Asia",2.45433333333333,438317
"750","Iraq",2019,"Asia",1.73325,438317
"751","Ireland",2010,"Europe",-0.31225,70273
"752","Ireland",2011,"Europe",0.982333333333333,70273
"753","Ireland",2012,"Europe",0.670833333333333,70273
"754","Ireland",2013,"Europe",0.718833333333333,70273
"755","Ireland",2014,"Europe",1.27691666666667,70273
"756","Ireland",2015,"Europe",0.624916666666667,70273
"757","Ireland",2016,"Europe",0.920916666666667,70273
"758","Ireland",2017,"Europe",1.17325,70273
"759","Ireland",2018,"Europe",0.934416666666667,70273
"760","Ireland",2019,"Europe",1.06791666666667,70273
"761","Israel",2010,"Asia",2.28525,20770
"762","Israel",2011,"Asia",0.371916666666667,20770
"763","Israel",2012,"Asia",1.04683333333333,20770
"764","Israel",2013,"Asia",0.901083333333333,20770
"765","Israel",2014,"Asia",0.978166666666667,20770
"766","Israel",2015,"Asia",1.06016666666667,20770
"767","Israel",2016,"Asia",1.493,20770
"768","Israel",2017,"Asia",0.905916666666667,20770
"769","Israel",2018,"Asia",1.80566666666667,20770
"770","Israel",2019,"Asia",1.04416666666667,20770
"771","Italy",2010,"Europe",0.681166666666667,301336
"772","Italy",2011,"Europe",1.40825,301336
"773","Italy",2012,"Europe",1.42583333333333,301336
"774","Italy",2013,"Europe",1.12158333333333,301336
"775","Italy",2014,"Europe",1.697,301336
"776","Italy",2015,"Europe",1.79466666666667,301336
"777","Italy",2016,"Europe",1.64066666666667,301336
"778","Italy",2017,"Europe",1.51875,301336
"779","Italy",2018,"Europe",1.95408333333333,301336
"780","Italy",2019,"Europe",1.79066666666667,301336
"781","Jamaica",2010,"North America",1.1725,10991
"782","Jamaica",2011,"North America",0.73725,10991
"783","Jamaica",2012,"North America",0.766166666666667,10991
"784","Jamaica",2013,"North America",1.02275,10991
"785","Jamaica",2014,"North America",1.23083333333333,10991
"786","Jamaica",2015,"North America",1.40941666666667,10991
"787","Jamaica",2016,"North America",1.46075,10991
"788","Jamaica",2017,"North America",1.09683333333333,10991
"789","Jamaica",2018,"North America",1.3145,10991
"790","Jamaica",2019,"North America",1.32358333333333,10991
"791","Japan",2010,"Asia",0.960666666666667,377930
"792","Japan",2011,"Asia",0.461333333333333,377930
"793","Japan",2012,"Asia",0.322166666666667,377930
"794","Japan",2013,"Asia",0.696333333333333,377930
"795","Japan",2014,"Asia",0.439583333333333,377930
"796","Japan",2015,"Asia",1.0565,377930
"797","Japan",2016,"Asia",1.25,377930
"798","Japan",2017,"Asia",0.585583333333333,377930
"799","Japan",2018,"Asia",1.05758333333333,377930
"800","Japan",2019,"Asia",1.25583333333333,377930
"801","Jordan",2010,"Asia",2.51991666666667,89342
"802","Jordan",2011,"Asia",0.2985,89342
"803","Jordan",2012,"Asia",1.18058333333333,89342
"804","Jordan",2013,"Asia",0.858916666666667,89342
"805","Jordan",2014,"Asia",1.0565,89342
"806","Jordan",2015,"Asia",1.21591666666667,89342
"807","Jordan",2016,"Asia",1.65366666666667,89342
"808","Jordan",2017,"Asia",1.29908333333333,89342
"809","Jordan",2018,"Asia",1.89666666666667,89342
"810","Jordan",2019,"Asia",1.26558333333333,89342
"811","Kazakhstan",2010,"Asia",1.46608333333333,2724900
"812","Kazakhstan",2011,"Asia",0.436166666666667,2724900
"813","Kazakhstan",2012,"Asia",0.903416666666667,2724900
"814","Kazakhstan",2013,"Asia",2.32825,2724900
"815","Kazakhstan",2014,"Asia",0.507833333333333,2724900
"816","Kazakhstan",2015,"Asia",1.97883333333333,2724900
"817","Kazakhstan",2016,"Asia",1.90766666666667,2724900
"818","Kazakhstan",2017,"Asia",1.72975,2724900
"819","Kazakhstan",2018,"Asia",0.498833333333333,2724900
"820","Kazakhstan",2019,"Asia",1.86458333333333,2724900
"821","Kenya",2010,"Africa",1.13433333333333,580367
"822","Kenya",2011,"Africa",1.09941666666667,580367
"823","Kenya",2012,"Africa",1.08308333333333,580367
"824","Kenya",2013,"Africa",0.903333333333333,580367
"825","Kenya",2014,"Africa",1.054,580367
"826","Kenya",2015,"Africa",1.27541666666667,580367
"827","Kenya",2016,"Africa",1.31183333333333,580367
"828","Kenya",2017,"Africa",1.59925,580367
"829","Kenya",2018,"Africa",0.787333333333333,580367
"830","Kenya",2019,"Africa",1.69741666666667,580367
"831","Kiribati",2010,"Australia",0.583833333333333,811
"832","Kiribati",2011,"Australia",0.799083333333333,811
"833","Kiribati",2012,"Australia",0.742416666666667,811
"834","Kiribati",2013,"Australia",0.965,811
"835","Kiribati",2014,"Australia",1.14408333333333,811
"836","Kiribati",2015,"Australia",1.32741666666667,811
"837","Kiribati",2016,"Australia",1.61575,811
"838","Kiribati",2017,"Australia",1.39825,811
"839","Kiribati",2018,"Australia",1.24291666666667,811
"840","Kiribati",2019,"Australia",1.34575,811
"841","Kuwait",2010,"Asia",2.64666666666667,17818
"842","Kuwait",2011,"Asia",1.10858333333333,17818
"843","Kuwait",2012,"Asia",1.80658333333333,17818
"844","Kuwait",2013,"Asia",1.32475,17818
"845","Kuwait",2014,"Asia",1.6825,17818
"846","Kuwait",2015,"Asia",1.93166666666667,17818
"847","Kuwait",2016,"Asia",1.85866666666667,17818
"848","Kuwait",2017,"Asia",2.24891666666667,17818
"849","Kuwait",2018,"Asia",2.58883333333333,17818
"850","Kuwait",2019,"Asia",2.02191666666667,17818
"851","Kyrgyzstan",2010,"Asia",1.34108333333333,199951
"852","Kyrgyzstan",2011,"Asia",0.935833333333333,199951
"853","Kyrgyzstan",2012,"Asia",0.305583333333333,199951
"854","Kyrgyzstan",2013,"Asia",1.55616666666667,199951
"855","Kyrgyzstan",2014,"Asia",0.431,199951
"856","Kyrgyzstan",2015,"Asia",1.69608333333333,199951
"857","Kyrgyzstan",2016,"Asia",2.00583333333333,199951
"858","Kyrgyzstan",2017,"Asia",1.39091666666667,199951
"859","Kyrgyzstan",2018,"Asia",1.30141666666667,199951
"860","Kyrgyzstan",2019,"Asia",1.78241666666667,199951
"861","Latvia",2010,"Europe",0.379,64559
"862","Latvia",2011,"Europe",1.878,64559
"863","Latvia",2012,"Europe",0.820166666666667,64559
"864","Latvia",2013,"Europe",1.6325,64559
"865","Latvia",2014,"Europe",2.08183333333333,64559
"866","Latvia",2015,"Europe",2.476,64559
"867","Latvia",2016,"Europe",1.74483333333333,64559
"868","Latvia",2017,"Europe",1.57216666666667,64559
"869","Latvia",2018,"Europe",2.17016666666667,64559
"870","Latvia",2019,"Europe",2.75516666666667,64559
"871","Lebanon",2010,"Asia",2.37991666666667,10452
"872","Lebanon",2011,"Asia",0.482916666666667,10452
"873","Lebanon",2012,"Asia",1.19991666666667,10452
"874","Lebanon",2013,"Asia",1.09591666666667,10452
"875","Lebanon",2014,"Asia",1.35866666666667,10452
"876","Lebanon",2015,"Asia",1.2365,10452
"877","Lebanon",2016,"Asia",1.61133333333333,10452
"878","Lebanon",2017,"Asia",1.34875,10452
"879","Lebanon",2018,"Asia",2.08375,10452
"880","Lebanon",2019,"Asia",1.31416666666667,10452
"881","Lesotho",2010,"Africa",1.04608333333333,30355
"882","Lesotho",2011,"Africa",0.4975,30355
"883","Lesotho",2012,"Africa",0.6255,30355
"884","Lesotho",2013,"Africa",0.5215,30355
"885","Lesotho",2014,"Africa",0.703833333333333,30355
"886","Lesotho",2015,"Africa",1.44916666666667,30355
"887","Lesotho",2016,"Africa",1.72016666666667,30355
"888","Lesotho",2017,"Africa",0.6685,30355
"889","Lesotho",2018,"Africa",0.921583333333333,30355
"890","Lesotho",2019,"Africa",1.48783333333333,30355
"891","Liberia",2010,"Africa",1.25891666666667,111369
"892","Liberia",2011,"Africa",0.958416666666667,111369
"893","Liberia",2012,"Africa",0.742166666666667,111369
"894","Liberia",2013,"Africa",0.8345,111369
"895","Liberia",2014,"Africa",0.861333333333333,111369
"896","Liberia",2015,"Africa",1.24925,111369
"897","Liberia",2016,"Africa",1.526,111369
"898","Liberia",2017,"Africa",1.43866666666667,111369
"899","Liberia",2018,"Africa",1.074,111369
"900","Liberia",2019,"Africa",1.37908333333333,111369
"901","Libya",2010,"Africa",2.1275,1759540
"902","Libya",2011,"Africa",0.73775,1759540
"903","Libya",2012,"Africa",0.869083333333333,1759540
"904","Libya",2013,"Africa",1.187,1759540
"905","Libya",2014,"Africa",1.29,1759540
"906","Libya",2015,"Africa",0.7245,1759540
"907","Libya",2016,"Africa",1.71816666666667,1759540
"908","Libya",2017,"Africa",0.4965,1759540
"909","Libya",2018,"Africa",1.82633333333333,1759540
"910","Libya",2019,"Africa",1.08583333333333,1759540
"911","Liechtenstein",2010,"Europe",0.360166666666667,160
"912","Liechtenstein",2011,"Europe",2.00716666666667,160
"913","Liechtenstein",2012,"Europe",1.466,160
"914","Liechtenstein",2013,"Europe",1.08966666666667,160
"915","Liechtenstein",2014,"Europe",2.22241666666667,160
"916","Liechtenstein",2015,"Europe",2.229,160
"917","Liechtenstein",2016,"Europe",1.79816666666667,160
"918","Liechtenstein",2017,"Europe",1.58233333333333,160
"919","Liechtenstein",2018,"Europe",2.39116666666667,160
"920","Liechtenstein",2019,"Europe",2.152,160
"921","Lithuania",2010,"Europe",0.402833333333333,65300
"922","Lithuania",2011,"Europe",1.67058333333333,65300
"923","Lithuania",2012,"Europe",0.815833333333333,65300
"924","Lithuania",2013,"Europe",1.47983333333333,65300
"925","Lithuania",2014,"Europe",1.98833333333333,65300
"926","Lithuania",2015,"Europe",2.39591666666667,65300
"927","Lithuania",2016,"Europe",1.7615,65300
"928","Lithuania",2017,"Europe",1.6295,65300
"929","Lithuania",2018,"Europe",2.26233333333333,65300
"930","Lithuania",2019,"Europe",2.913,65300
"931","Luxembourg",2010,"Europe",0.00408333333333338,2586
"932","Luxembourg",2011,"Europe",1.90708333333333,2586
"933","Luxembourg",2012,"Europe",1.1405,2586
"934","Luxembourg",2013,"Europe",0.642833333333333,2586
"935","Luxembourg",2014,"Europe",2.39966666666667,2586
"936","Luxembourg",2015,"Europe",1.90025,2586
"937","Luxembourg",2016,"Europe",1.47416666666667,2586
"938","Luxembourg",2017,"Europe",1.73133333333333,2586
"939","Luxembourg",2018,"Europe",2.59091666666667,2586
"940","Luxembourg",2019,"Europe",2.19125,2586
"941","Madagascar",2010,"Africa",1.12591666666667,587041
"942","Madagascar",2011,"Africa",1.01191666666667,587041
"943","Madagascar",2012,"Africa",0.71675,587041
"944","Madagascar",2013,"Africa",0.63625,587041
"945","Madagascar",2014,"Africa",0.818583333333333,587041
"946","Madagascar",2015,"Africa",1.13425,587041
"947","Madagascar",2016,"Africa",0.956833333333333,587041
"948","Madagascar",2017,"Africa",1.29966666666667,587041
"949","Madagascar",2018,"Africa",0.979333333333333,587041
"950","Madagascar",2019,"Africa",1.55,587041
"951","Malawi",2010,"Africa",1.24758333333333,118484
"952","Malawi",2011,"Africa",0.775333333333333,118484
"953","Malawi",2012,"Africa",1.04758333333333,118484
"954","Malawi",2013,"Africa",0.934916666666667,118484
"955","Malawi",2014,"Africa",1.11833333333333,118484
"956","Malawi",2015,"Africa",1.155,118484
"957","Malawi",2016,"Africa",1.50733333333333,118484
"958","Malawi",2017,"Africa",1.33575,118484
"959","Malawi",2018,"Africa",1.44208333333333,118484
"960","Malawi",2019,"Africa",1.69308333333333,118484
"961","Malaysia",2010,"Asia",0.93125,330803
"962","Malaysia",2011,"Asia",0.622833333333333,330803
"963","Malaysia",2012,"Asia",0.784666666666667,330803
"964","Malaysia",2013,"Asia",0.95875,330803
"965","Malaysia",2014,"Asia",0.948666666666667,330803
"966","Malaysia",2015,"Asia",1.19033333333333,330803
"967","Malaysia",2016,"Asia",1.53608333333333,330803
"968","Malaysia",2017,"Asia",1.08633333333333,330803
"969","Malaysia",2018,"Asia",1.1125,330803
"970","Malaysia",2019,"Asia",1.32116666666667,330803
"971","Maldives",2010,"Asia",0.676166666666667,300
"972","Maldives",2011,"Asia",0.69875,300
"973","Maldives",2012,"Asia",0.589833333333333,300
"974","Maldives",2013,"Asia",0.669833333333333,300
"975","Maldives",2014,"Asia",0.715666666666667,300
"976","Maldives",2015,"Asia",0.919333333333333,300
"977","Maldives",2016,"Asia",0.82175,300
"978","Maldives",2017,"Asia",0.79875,300
"979","Maldives",2018,"Asia",0.744666666666667,300
"980","Maldives",2019,"Asia",0.907916666666667,300
"981","Mali",2010,"Africa",1.61366666666667,1240192
"982","Mali",2011,"Africa",1.05291666666667,1240192
"983","Mali",2012,"Africa",0.519,1240192
"984","Mali",2013,"Africa",0.973083333333333,1240192
"985","Mali",2014,"Africa",0.880166666666667,1240192
"986","Mali",2015,"Africa",0.992083333333333,1240192
"987","Mali",2016,"Africa",1.38491666666667,1240192
"988","Mali",2017,"Africa",1.30708333333333,1240192
"989","Mali",2018,"Africa",1.12133333333333,1240192
"990","Mali",2019,"Africa",1.18866666666667,1240192
"991","Malta",2010,"Europe",1.2525,316
"992","Malta",2011,"Europe",1.02791666666667,316
"993","Malta",2012,"Europe",1.4445,316
"994","Malta",2013,"Europe",1.36608333333333,316
"995","Malta",2014,"Europe",1.63816666666667,316
"996","Malta",2015,"Europe",1.54375,316
"997","Malta",2016,"Europe",1.78708333333333,316
"998","Malta",2017,"Europe",1.184,316
"999","Malta",2018,"Europe",1.645,316
"1000","Malta",2019,"Europe",1.17825,316
"1001","Marshall Islands",2010,"Australia",0.174666666666667,181
"1002","Marshall Islands",2011,"Australia",0.0113333333333333,181
"1003","Marshall Islands",2012,"Australia",0.3585,181
"1004","Marshall Islands",2013,"Australia",0.370916666666667,181
"1005","Marshall Islands",2014,"Australia",0.429166666666667,181
"1006","Marshall Islands",2015,"Australia",0.309416666666667,181
"1007","Marshall Islands",2016,"Australia",0.561583333333333,181
"1008","Marshall Islands",2017,"Australia",0.42175,181
"1009","Marshall Islands",2018,"Australia",0.229583333333333,181
"1010","Marshall Islands",2019,"Australia",0.419166666666667,181
"1011","Martinique",2010,"North America",1.1385,1128
"1012","Martinique",2011,"North America",0.597583333333333,1128
"1013","Martinique",2012,"North America",0.74625,1128
"1014","Martinique",2013,"North America",0.7435,1128
"1015","Martinique",2014,"North America",0.686916666666667,1128
"1016","Martinique",2015,"North America",0.995,1128
"1017","Martinique",2016,"North America",1.08408333333333,1128
"1018","Martinique",2017,"North America",0.837833333333333,1128
"1019","Martinique",2018,"North America",0.570666666666667,1128
"1020","Martinique",2019,"North America",0.84425,1128
"1021","Mauritania",2010,"Africa",1.88683333333333,1030700
"1022","Mauritania",2011,"Africa",1.357,1030700
"1023","Mauritania",2012,"Africa",0.777,1030700
"1024","Mauritania",2013,"Africa",1.454,1030700
"1025","Mauritania",2014,"Africa",1.208,1030700
"1026","Mauritania",2015,"Africa",1.35175,1030700
"1027","Mauritania",2016,"Africa",1.66416666666667,1030700
"1028","Mauritania",2017,"Africa",1.77425,1030700
"1029","Mauritania",2018,"Africa",1.133,1030700
"1030","Mauritania",2019,"Africa",1.43566666666667,1030700
"1031","Mauritius",2010,"Africa",1.01966666666667,2040
"1032","Mauritius",2011,"Africa",0.889666666666667,2040
"1033","Mauritius",2012,"Africa",0.715916666666667,2040
"1034","Mauritius",2013,"Africa",0.962916666666667,2040
"1035","Mauritius",2014,"Africa",1.15183333333333,2040
"1036","Mauritius",2015,"Africa",1.30733333333333,2040
"1037","Mauritius",2016,"Africa",1.03591666666667,2040
"1038","Mauritius",2017,"Africa",1.31916666666667,2040
"1039","Mauritius",2018,"Africa",0.978333333333333,2040
"1040","Mauritius",2019,"Africa",1.46275,2040
"1041","Mayotte",2010,"Africa",1.07691666666667,374
"1042","Mayotte",2011,"Africa",0.931916666666667,374
"1043","Mayotte",2012,"Africa",0.7885,374
"1044","Mayotte",2013,"Africa",0.908166666666667,374
"1045","Mayotte",2014,"Africa",1.14483333333333,374
"1046","Mayotte",2015,"Africa",1.38283333333333,374
"1047","Mayotte",2016,"Africa",1.21341666666667,374
"1048","Mayotte",2017,"Africa",1.43941666666667,374
"1049","Mayotte",2018,"Africa",1.29108333333333,374
"1050","Mayotte",2019,"Africa",1.80066666666667,374
"1051","Mexico",2010,"North America",0.304083333333333,1964375
"1052","Mexico",2011,"North America",0.97975,1964375
"1053","Mexico",2012,"North America",1.04091666666667,1964375
"1054","Mexico",2013,"North America",0.681583333333333,1964375
"1055","Mexico",2014,"North America",0.88975,1964375
"1056","Mexico",2015,"North America",1.1435,1964375
"1057","Mexico",2016,"North America",1.31425,1964375
"1058","Mexico",2017,"North America",1.44516666666667,1964375
"1059","Mexico",2018,"North America",1.1355,1964375
"1060","Mexico",2019,"North America",1.336,1964375
"1061","Micronesia",2010,"Australia",0.503916666666667,702
"1062","Micronesia",2011,"Australia",0.444833333333333,702
"1063","Micronesia",2012,"Australia",0.628,702
"1064","Micronesia",2013,"Australia",0.746416666666667,702
"1065","Micronesia",2014,"Australia",0.721416666666667,702
"1066","Micronesia",2015,"Australia",0.849083333333333,702
"1067","Micronesia",2016,"Australia",1.11375,702
"1068","Micronesia",2017,"Australia",0.999583333333333,702
"1069","Micronesia",2018,"Australia",0.899666666666667,702
"1070","Micronesia",2019,"Australia",0.84225,702
"1071","Mongolia",2010,"Asia",0.505333333333333,1564110
"1072","Mongolia",2011,"Asia",0.660833333333333,1564110
"1073","Mongolia",2012,"Asia",0.114833333333333,1564110
"1074","Mongolia",2013,"Asia",1.53025,1564110
"1075","Mongolia",2014,"Asia",1.75183333333333,1564110
"1076","Mongolia",2015,"Asia",2.31808333333333,1564110
"1077","Mongolia",2016,"Asia",1.51475,1564110
"1078","Mongolia",2017,"Asia",2.55933333333333,1564110
"1079","Mongolia",2018,"Asia",1.94908333333333,1564110
"1080","Mongolia",2019,"Asia",2.15575,1564110
"1081","Montenegro",2010,"Europe",1.12391666666667,13812
"1082","Montenegro",2011,"Europe",1.09916666666667,13812
"1083","Montenegro",2012,"Europe",1.50208333333333,13812
"1084","Montenegro",2013,"Europe",1.61533333333333,13812
"1085","Montenegro",2014,"Europe",1.675,13812
"1086","Montenegro",2015,"Europe",1.69558333333333,13812
"1087","Montenegro",2016,"Europe",1.44916666666667,13812
"1088","Montenegro",2017,"Europe",1.45325,13812
"1089","Montenegro",2018,"Europe",2.22166666666667,13812
"1090","Montenegro",2019,"Europe",2.08633333333333,13812
"1091","Morocco",2010,"Africa",2.2835,446550
"1092","Morocco",2011,"Africa",1.74741666666667,446550
"1093","Morocco",2012,"Africa",1.57941666666667,446550
"1094","Morocco",2013,"Africa",1.49825,446550
"1095","Morocco",2014,"Africa",1.84,446550
"1096","Morocco",2015,"Africa",1.55691666666667,446550
"1097","Morocco",2016,"Africa",1.96283333333333,446550
"1098","Morocco",2017,"Africa",2.2995,446550
"1099","Morocco",2018,"Africa",0.94375,446550
"1100","Morocco",2019,"Africa",1.7325,446550
"1101","Mozambique",2010,"Africa",0.969416666666667,801590
"1102","Mozambique",2011,"Africa",0.73275,801590
"1103","Mozambique",2012,"Africa",0.713833333333333,801590
"1104","Mozambique",2013,"Africa",0.468333333333333,801590
"1105","Mozambique",2014,"Africa",0.695166666666667,801590
"1106","Mozambique",2015,"Africa",1.11508333333333,801590
"1107","Mozambique",2016,"Africa",1.18666666666667,801590
"1108","Mozambique",2017,"Africa",0.701666666666667,801590
"1109","Mozambique",2018,"Africa",0.82025,801590
"1110","Mozambique",2019,"Africa",1.17083333333333,801590
"1111","Myanmar",2010,"Asia",1.19091666666667,676578
"1112","Myanmar",2011,"Asia",0.47425,676578
"1113","Myanmar",2012,"Asia",0.885833333333333,676578
"1114","Myanmar",2013,"Asia",0.822333333333333,676578
"1115","Myanmar",2014,"Asia",0.988583333333333,676578
"1116","Myanmar",2015,"Asia",1.18758333333333,676578
"1117","Myanmar",2016,"Asia",1.35658333333333,676578
"1118","Myanmar",2017,"Asia",1.22033333333333,676578
"1119","Myanmar",2018,"Asia",0.961,676578
"1120","Myanmar",2019,"Asia",1.478,676578
"1121","Namibia",2010,"Africa",1.35983333333333,825615
"1122","Namibia",2011,"Africa",-0.25725,825615
"1123","Namibia",2012,"Africa",0.109833333333333,825615
"1124","Namibia",2013,"Africa",1.07416666666667,825615
"1125","Namibia",2014,"Africa",0.607916666666667,825615
"1126","Namibia",2015,"Africa",1.51316666666667,825615
"1127","Namibia",2016,"Africa",1.66291666666667,825615
"1128","Namibia",2017,"Africa",0.8845,825615
"1129","Namibia",2018,"Africa",1.69225,825615
"1130","Namibia",2019,"Africa",2.11358333333333,825615
"1131","Nauru",2010,"Australia",0,21
"1132","Nauru",2011,"Australia",0,21
"1133","Nauru",2012,"Australia",0,21
"1134","Nauru",2013,"Australia",0,21
"1135","Nauru",2014,"Australia",0,21
"1136","Nauru",2015,"Australia",0,21
"1137","Nauru",2016,"Australia",0,21
"1138","Nauru",2017,"Australia",0,21
"1139","Nauru",2018,"Australia",0,21
"1140","Nauru",2019,"Australia",0,21
"1141","Nepal",2010,"Asia",1.21825,147181
"1142","Nepal",2011,"Asia",0.321583333333333,147181
"1143","Nepal",2012,"Asia",0.458416666666667,147181
"1144","Nepal",2013,"Asia",0.29625,147181
"1145","Nepal",2014,"Asia",0.2805,147181
"1146","Nepal",2015,"Asia",0.716666666666667,147181
"1147","Nepal",2016,"Asia",1.18375,147181
"1148","Nepal",2017,"Asia",1.14225,147181
"1149","Nepal",2018,"Asia",0.524166666666667,147181
"1150","Nepal",2019,"Asia",0.523083333333333,147181
"1151","Netherlands",2010,"Europe",-0.24075,41850
"1152","Netherlands",2011,"Europe",1.69916666666667,41850
"1153","Netherlands",2012,"Europe",1.00883333333333,41850
"1154","Netherlands",2013,"Europe",0.545333333333333,41850
"1155","Netherlands",2014,"Europe",2.45583333333333,41850
"1156","Netherlands",2015,"Europe",1.66766666666667,41850
"1157","Netherlands",2016,"Europe",1.56341666666667,41850
"1158","Netherlands",2017,"Europe",1.71033333333333,41850
"1159","Netherlands",2018,"Europe",2.23675,41850
"1160","Netherlands",2019,"Europe",2.13358333333333,41850
"1161","New Zealand",2010,"Australia",0.747583333333333,270467
"1162","New Zealand",2011,"Australia",0.561,270467
"1163","New Zealand",2012,"Australia",0.185416666666667,270467
"1164","New Zealand",2013,"Australia",0.9835,270467
"1165","New Zealand",2014,"Australia",0.485583333333333,270467
"1166","New Zealand",2015,"Australia",0.548,270467
"1167","New Zealand",2016,"Australia",1.20841666666667,270467
"1168","New Zealand",2017,"Australia",0.81875,270467
"1169","New Zealand",2018,"Australia",1.05408333333333,270467
"1170","New Zealand",2019,"Australia",1.0735,270467
"1171","Nicaragua",2010,"North America",0.65975,130373
"1172","Nicaragua",2011,"North America",0.708666666666667,130373
"1173","Nicaragua",2012,"North America",0.668166666666667,130373
"1174","Nicaragua",2013,"North America",1.0555,130373
"1175","Nicaragua",2014,"North America",0.741416666666667,130373
"1176","Nicaragua",2015,"North America",1.213,130373
"1177","Nicaragua",2016,"North America",1.23708333333333,130373
"1178","Nicaragua",2017,"North America",1.00783333333333,130373
"1179","Nicaragua",2018,"North America",0.945583333333333,130373
"1180","Nicaragua",2019,"North America",1.30308333333333,130373
"1181","Niger",2010,"Africa",1.67158333333333,1267000
"1182","Niger",2011,"Africa",1.11908333333333,1267000
"1183","Niger",2012,"Africa",0.938,1267000
"1184","Niger",2013,"Africa",1.04691666666667,1267000
"1185","Niger",2014,"Africa",1.19875,1267000
"1186","Niger",2015,"Africa",0.828333333333333,1267000
"1187","Niger",2016,"Africa",1.53883333333333,1267000
"1188","Niger",2017,"Africa",0.931666666666667,1267000
"1189","Niger",2018,"Africa",1.1135,1267000
"1190","Niger",2019,"Africa",1.22566666666667,1267000
"1191","Nigeria",2010,"Africa",1.46175,923768
"1192","Nigeria",2011,"Africa",0.895833333333333,923768
"1193","Nigeria",2012,"Africa",0.741833333333333,923768
"1194","Nigeria",2013,"Africa",1.10733333333333,923768
"1195","Nigeria",2014,"Africa",1.12816666666667,923768
"1196","Nigeria",2015,"Africa",1.159,923768
"1197","Nigeria",2016,"Africa",1.50825,923768
"1198","Nigeria",2017,"Africa",1.30916666666667,923768
"1199","Nigeria",2018,"Africa",1.1215,923768
"1200","Nigeria",2019,"Africa",1.39416666666667,923768
"1201","North Macedonia",2010,"Europe",1.24958333333333,NA
"1202","North Macedonia",2011,"Europe",0.718416666666667,NA
"1203","North Macedonia",2012,"Europe",1.35625,NA
"1204","North Macedonia",2013,"Europe",1.53491666666667,NA
"1205","North Macedonia",2014,"Europe",1.48533333333333,NA
"1206","North Macedonia",2015,"Europe",1.49616666666667,NA
"1207","North Macedonia",2016,"Europe",1.52608333333333,NA
"1208","North Macedonia",2017,"Europe",1.36441666666667,NA
"1209","North Macedonia",2018,"Europe",1.98266666666667,NA
"1210","North Macedonia",2019,"Europe",2.10858333333333,NA
"1211","Norway",2010,"Europe",-0.587333333333333,323802
"1212","Norway",2011,"Europe",2.04683333333333,323802
"1213","Norway",2012,"Europe",0.554166666666667,323802
"1214","Norway",2013,"Europe",1.33383333333333,323802
"1215","Norway",2014,"Europe",2.24583333333333,323802
"1216","Norway",2015,"Europe",1.9875,323802
"1217","Norway",2016,"Europe",1.74675,323802
"1218","Norway",2017,"Europe",1.29016666666667,323802
"1219","Norway",2018,"Europe",1.57008333333333,323802
"1220","Norway",2019,"Europe",1.28708333333333,323802
"1221","Oman",2010,"Asia",1.02133333333333,309500
"1222","Oman",2011,"Asia",0.843583333333333,309500
"1223","Oman",2012,"Asia",0.873166666666667,309500
"1224","Oman",2013,"Asia",0.39375,309500
"1225","Oman",2014,"Asia",0.511583333333333,309500
"1226","Oman",2015,"Asia",1.20275,309500
"1227","Oman",2016,"Asia",0.985666666666667,309500
"1228","Oman",2017,"Asia",1.25333333333333,309500
"1229","Oman",2018,"Asia",1.19508333333333,309500
"1230","Oman",2019,"Asia",0.798333333333333,309500
"1231","Pakistan",2010,"Asia",1.06133333333333,881912
"1232","Pakistan",2011,"Asia",0.771833333333333,881912
"1233","Pakistan",2012,"Asia",0.161583333333333,881912
"1234","Pakistan",2013,"Asia",0.679416666666667,881912
"1235","Pakistan",2014,"Asia",0.295916666666667,881912
"1236","Pakistan",2015,"Asia",0.512,881912
"1237","Pakistan",2016,"Asia",1.35758333333333,881912
"1238","Pakistan",2017,"Asia",0.924166666666667,881912
"1239","Pakistan",2018,"Asia",1.29741666666667,881912
"1240","Pakistan",2019,"Asia",0.40475,881912
"1241","Palau",2010,"Australia",0.62,459
"1242","Palau",2011,"Australia",0.354833333333333,459
"1243","Palau",2012,"Australia",0.189416666666667,459
"1244","Palau",2013,"Australia",0.641833333333333,459
"1245","Palau",2014,"Australia",0.67125,459
"1246","Palau",2015,"Australia",0.920833333333333,459
"1247","Palau",2016,"Australia",0.986916666666667,459
"1248","Palau",2017,"Australia",0.829583333333333,459
"1249","Palau",2018,"Australia",0.832166666666667,459
"1250","Palau",2019,"Australia",-0.0304166666666667,459
"1251","Palestine",2010,"Asia",2.29383333333333,NA
"1252","Palestine",2011,"Asia",0.379916666666667,NA
"1253","Palestine",2012,"Asia",1.05875,NA
"1254","Palestine",2013,"Asia",0.90925,NA
"1255","Palestine",2014,"Asia",0.969583333333333,NA
"1256","Palestine",2015,"Asia",1.05858333333333,NA
"1257","Palestine",2016,"Asia",1.50325,NA
"1258","Palestine",2017,"Asia",0.9065,NA
"1259","Palestine",2018,"Asia",1.80633333333333,NA
"1260","Palestine",2019,"Asia",1.03141666666667,NA
"1261","Panama",2010,"North America",0.830333333333333,75417
"1262","Panama",2011,"North America",0.581916666666667,75417
"1263","Panama",2012,"North America",0.659916666666667,75417
"1264","Panama",2013,"North America",0.826666666666667,75417
"1265","Panama",2014,"North America",0.845166666666667,75417
"1266","Panama",2015,"North America",1.17891666666667,75417
"1267","Panama",2016,"North America",0.978416666666667,75417
"1268","Panama",2017,"North America",0.876416666666667,75417
"1269","Panama",2018,"North America",1.09625,75417
"1270","Panama",2019,"North America",1.476,75417
"1271","Papua New Guinea",2010,"Australia",1.00216666666667,462840
"1272","Papua New Guinea",2011,"Australia",0.40675,462840
"1273","Papua New Guinea",2012,"Australia",0.364166666666667,462840
"1274","Papua New Guinea",2013,"Australia",0.763,462840
"1275","Papua New Guinea",2014,"Australia",0.521,462840
"1276","Papua New Guinea",2015,"Australia",0.328666666666667,462840
"1277","Papua New Guinea",2016,"Australia",1.435,462840
"1278","Papua New Guinea",2017,"Australia",1.25216666666667,462840
"1279","Papua New Guinea",2018,"Australia",0.7865,462840
"1280","Papua New Guinea",2019,"Australia",0.666916666666667,462840
"1281","Paraguay",2010,"South America",0.446833333333333,406752
"1282","Paraguay",2011,"South America",0.625,406752
"1283","Paraguay",2012,"South America",1.07566666666667,406752
"1284","Paraguay",2013,"South America",0.481666666666667,406752
"1285","Paraguay",2014,"South America",1.20433333333333,406752
"1286","Paraguay",2015,"South America",1.689,406752
"1287","Paraguay",2016,"South America",0.322083333333333,406752
"1288","Paraguay",2017,"South America",1.37091666666667,406752
"1289","Paraguay",2018,"South America",0.642083333333333,406752
"1290","Paraguay",2019,"South America",1.45641666666667,406752
"1291","Peru",2010,"South America",1.169,1285216
"1292","Peru",2011,"South America",0.920166666666667,1285216
"1293","Peru",2012,"South America",1.00708333333333,1285216
"1294","Peru",2013,"South America",0.80875,1285216
"1295","Peru",2014,"South America",0.98925,1285216
"1296","Peru",2015,"South America",1.42225,1285216
"1297","Peru",2016,"South America",1.42541666666667,1285216
"1298","Peru",2017,"South America",1.04125,1285216
"1299","Peru",2018,"South America",0.787166666666667,1285216
"1300","Peru",2019,"South America",1.10166666666667,1285216
"1301","Philippines",2010,"Asia",0.943166666666667,342353
"1302","Philippines",2011,"Asia",0.484583333333333,342353
"1303","Philippines",2012,"Asia",0.80975,342353
"1304","Philippines",2013,"Asia",0.849333333333333,342353
"1305","Philippines",2014,"Asia",0.716,342353
"1306","Philippines",2015,"Asia",1.033,342353
"1307","Philippines",2016,"Asia",1.46658333333333,342353
"1308","Philippines",2017,"Asia",1.07191666666667,342353
"1309","Philippines",2018,"Asia",1.14408333333333,342353
"1310","Philippines",2019,"Asia",1.21891666666667,342353
"1311","Poland",2010,"Europe",0.0595833333333334,312679
"1312","Poland",2011,"Europe",1.41191666666667,312679
"1313","Poland",2012,"Europe",0.977666666666667,312679
"1314","Poland",2013,"Europe",1.03825,312679
"1315","Poland",2014,"Europe",2.237,312679
"1316","Poland",2015,"Europe",2.28358333333333,312679
"1317","Poland",2016,"Europe",1.76675,312679
"1318","Poland",2017,"Europe",1.57766666666667,312679
"1319","Poland",2018,"Europe",2.39091666666667,312679
"1320","Poland",2019,"Europe",2.80066666666667,312679
"1321","Portugal",2010,"Europe",1.10141666666667,92090
"1322","Portugal",2011,"Europe",1.61516666666667,92090
"1323","Portugal",2012,"Europe",0.835166666666667,92090
"1324","Portugal",2013,"Europe",0.878833333333333,92090
"1325","Portugal",2014,"Europe",1.37991666666667,92090
"1326","Portugal",2015,"Europe",1.77041666666667,92090
"1327","Portugal",2016,"Europe",1.63516666666667,92090
"1328","Portugal",2017,"Europe",2.0985,92090
"1329","Portugal",2018,"Europe",1.02608333333333,92090
"1330","Portugal",2019,"Europe",1.51225,92090
"1331","Puerto Rico",2010,"North America",0.868583333333333,8870
"1332","Puerto Rico",2011,"North America",0.498583333333333,8870
"1333","Puerto Rico",2012,"North America",0.689583333333333,8870
"1334","Puerto Rico",2013,"North America",0.619583333333333,8870
"1335","Puerto Rico",2014,"North America",0.722666666666667,8870
"1336","Puerto Rico",2015,"North America",1.05525,8870
"1337","Puerto Rico",2016,"North America",1.03533333333333,8870
"1338","Puerto Rico",2017,"North America",0.846916666666667,8870
"1339","Puerto Rico",2018,"North America",0.667833333333333,8870
"1340","Puerto Rico",2019,"North America",1.02941666666667,8870
"1341","Qatar",2010,"Asia",1.99925,11586
"1342","Qatar",2011,"Asia",1.26566666666667,11586
"1343","Qatar",2012,"Asia",1.62333333333333,11586
"1344","Qatar",2013,"Asia",1.17775,11586
"1345","Qatar",2014,"Asia",1.73983333333333,11586
"1346","Qatar",2015,"Asia",2.01066666666667,11586
"1347","Qatar",2016,"Asia",1.70091666666667,11586
"1348","Qatar",2017,"Asia",1.88341666666667,11586
"1349","Qatar",2018,"Asia",2.21516666666667,11586
"1350","Qatar",2019,"Asia",1.92275,11586
"1351","Romania",2010,"Europe",0.991333333333333,238391
"1352","Romania",2011,"Europe",0.692666666666667,238391
"1353","Romania",2012,"Europe",1.47733333333333,238391
"1354","Romania",2013,"Europe",1.47541666666667,238391
"1355","Romania",2014,"Europe",1.61741666666667,238391
"1356","Romania",2015,"Europe",1.882,238391
"1357","Romania",2016,"Europe",1.4975,238391
"1358","Romania",2017,"Europe",1.45616666666667,238391
"1359","Romania",2018,"Europe",2.04975,238391
"1360","Romania",2019,"Europe",2.49575,238391
"1361","Russia",2010,"Asia",0.974083333333333,17098242
"1362","Russia",2011,"Asia",2.02016666666667,17098242
"1363","Russia",2012,"Asia",1.5585,17098242
"1364","Russia",2013,"Asia",1.70383333333333,17098242
"1365","Russia",2014,"Asia",1.531,17098242
"1366","Russia",2015,"Asia",2.33725,17098242
"1367","Russia",2016,"Asia",2.16825,17098242
"1368","Russia",2017,"Asia",2.37383333333333,17098242
"1369","Russia",2018,"Asia",1.80366666666667,17098242
"1370","Russia",2019,"Asia",2.37241666666667,17098242
"1371","Rwanda",2010,"Africa",0.40375,26338
"1372","Rwanda",2011,"Africa",0.657416666666667,26338
"1373","Rwanda",2012,"Africa",0.26275,26338
"1374","Rwanda",2013,"Africa",0.369,26338
"1375","Rwanda",2014,"Africa",0,26338
"1376","Rwanda",2015,"Africa",0,26338
"1377","Rwanda",2016,"Africa",0,26338
"1378","Rwanda",2017,"Africa",0,26338
"1379","Rwanda",2018,"Africa",0,26338
"1380","Rwanda",2019,"Africa",0,26338
"1381","Saint Kitts and Nevis",2010,"North America",0.953833333333333,261
"1382","Saint Kitts and Nevis",2011,"North America",0.45775,261
"1383","Saint Kitts and Nevis",2012,"North America",0.589083333333333,261
"1384","Saint Kitts and Nevis",2013,"North America",0.693,261
"1385","Saint Kitts and Nevis",2014,"North America",0.611333333333333,261
"1386","Saint Kitts and Nevis",2015,"North America",0.988666666666667,261
"1387","Saint Kitts and Nevis",2016,"North America",0.960583333333333,261
"1388","Saint Kitts and Nevis",2017,"North America",0.823916666666667,261
"1389","Saint Kitts and Nevis",2018,"North America",0.56075,261
"1390","Saint Kitts and Nevis",2019,"North America",0.911666666666667,261
"1391","Saint Lucia",2010,"North America",1.27833333333333,616
"1392","Saint Lucia",2011,"North America",0.774166666666667,616
"1393","Saint Lucia",2012,"North America",0.821666666666667,616
"1394","Saint Lucia",2013,"North America",0.863083333333333,616
"1395","Saint Lucia",2014,"North America",0.796833333333333,616
"1396","Saint Lucia",2015,"North America",1.063,616
"1397","Saint Lucia",2016,"North America",1.14216666666667,616
"1398","Saint Lucia",2017,"North America",0.939333333333333,616
"1399","Saint Lucia",2018,"North America",0.677583333333333,616
"1400","Saint Lucia",2019,"North America",0.99725,616
"1401","Saint Vincent and the Grenadines",2010,"North America",1.4275,389
"1402","Saint Vincent and the Grenadines",2011,"North America",0.949833333333333,389
"1403","Saint Vincent and the Grenadines",2012,"North America",0.918916666666667,389
"1404","Saint Vincent and the Grenadines",2013,"North America",0.9955,389
"1405","Saint Vincent and the Grenadines",2014,"North America",0.958583333333333,389
"1406","Saint Vincent and the Grenadines",2015,"North America",1.11825,389
"1407","Saint Vincent and the Grenadines",2016,"North America",1.10458333333333,389
"1408","Saint Vincent and the Grenadines",2017,"North America",1.06258333333333,389
"1409","Saint Vincent and the Grenadines",2018,"North America",0.70825,389
"1410","Saint Vincent and the Grenadines",2019,"North America",1.04833333333333,389
"1411","Samoa",2010,"Australia",0.986916666666667,2842
"1412","Samoa",2011,"Australia",0.730916666666667,2842
"1413","Samoa",2012,"Australia",0.8915,2842
"1414","Samoa",2013,"Australia",1.17516666666667,2842
"1415","Samoa",2014,"Australia",1.01458333333333,2842
"1416","Samoa",2015,"Australia",0.874583333333333,2842
"1417","Samoa",2016,"Australia",1.44041666666667,2842
"1418","Samoa",2017,"Australia",1.27375,2842
"1419","Samoa",2018,"Australia",1.08625,2842
"1420","Samoa",2019,"Australia",1.37458333333333,2842
"1421","Sao Tome and Principe",2010,"Africa",1.047,964
"1422","Sao Tome and Principe",2011,"Africa",0.7685,964
"1423","Sao Tome and Principe",2012,"Africa",0.790583333333333,964
"1424","Sao Tome and Principe",2013,"Africa",0.837,964
"1425","Sao Tome and Principe",2014,"Africa",0.866,964
"1426","Sao Tome and Principe",2015,"Africa",0.962416666666667,964
"1427","Sao Tome and Principe",2016,"Africa",1.47141666666667,964
"1428","Sao Tome and Principe",2017,"Africa",1.07108333333333,964
"1429","Sao Tome and Principe",2018,"Africa",0.610333333333333,964
"1430","Sao Tome and Principe",2019,"Africa",1.2935,964
"1431","Saudi Arabia",2010,"Asia",2.12741666666667,2149690
"1432","Saudi Arabia",2011,"Asia",0.766,2149690
"1433","Saudi Arabia",2012,"Asia",1.38333333333333,2149690
"1434","Saudi Arabia",2013,"Asia",1.14558333333333,2149690
"1435","Saudi Arabia",2014,"Asia",1.44025,2149690
"1436","Saudi Arabia",2015,"Asia",1.74941666666667,2149690
"1437","Saudi Arabia",2016,"Asia",1.70158333333333,2149690
"1438","Saudi Arabia",2017,"Asia",1.84291666666667,2149690
"1439","Saudi Arabia",2018,"Asia",1.9065,2149690
"1440","Saudi Arabia",2019,"Asia",1.65383333333333,2149690
"1441","Senegal",2010,"Africa",1.50533333333333,196722
"1442","Senegal",2011,"Africa",1.04433333333333,196722
"1443","Senegal",2012,"Africa",0.862416666666667,196722
"1444","Senegal",2013,"Africa",1.20833333333333,196722
"1445","Senegal",2014,"Africa",1.13608333333333,196722
"1446","Senegal",2015,"Africa",1.24833333333333,196722
"1447","Senegal",2016,"Africa",1.71175,196722
"1448","Senegal",2017,"Africa",1.67808333333333,196722
"1449","Senegal",2018,"Africa",1.16116666666667,196722
"1450","Senegal",2019,"Africa",1.5145,196722
"1451","Seychelles",2010,"Africa",0.9515,452
"1452","Seychelles",2011,"Africa",0.970416666666667,452
"1453","Seychelles",2012,"Africa",0.862166666666667,452
"1454","Seychelles",2013,"Africa",0.737083333333333,452
"1455","Seychelles",2014,"Africa",0.932083333333333,452
"1456","Seychelles",2015,"Africa",1.33441666666667,452
"1457","Seychelles",2016,"Africa",1.16483333333333,452
"1458","Seychelles",2017,"Africa",1.25841666666667,452
"1459","Seychelles",2018,"Africa",1.01741666666667,452
"1460","Seychelles",2019,"Africa",1.50525,452
"1461","Sierra Leone",2010,"Africa",1.52741666666667,71740
"1462","Sierra Leone",2011,"Africa",1.0495,71740
"1463","Sierra Leone",2012,"Africa",0.72525,71740
"1464","Sierra Leone",2013,"Africa",1.03416666666667,71740
"1465","Sierra Leone",2014,"Africa",1.06691666666667,71740
"1466","Sierra Leone",2015,"Africa",1.06233333333333,71740
"1467","Sierra Leone",2016,"Africa",1.39616666666667,71740
"1468","Sierra Leone",2017,"Africa",1.75433333333333,71740
"1469","Sierra Leone",2018,"Africa",1.21908333333333,71740
"1470","Sierra Leone",2019,"Africa",1.70825,71740
"1471","Singapore",2010,"Asia",0,710
"1472","Singapore",2011,"Asia",0,710
"1473","Singapore",2012,"Asia",0,710
"1474","Singapore",2013,"Asia",0,710
"1475","Singapore",2014,"Asia",0,710
"1476","Singapore",2015,"Asia",0,710
"1477","Singapore",2016,"Asia",0,710
"1478","Singapore",2017,"Asia",0,710
"1479","Singapore",2018,"Asia",0,710
"1480","Singapore",2019,"Asia",0,710
"1481","Slovakia",2010,"Europe",0.4485,49037
"1482","Slovakia",2011,"Europe",1.26891666666667,49037
"1483","Slovakia",2012,"Europe",1.322,49037
"1484","Slovakia",2013,"Europe",1.234,49037
"1485","Slovakia",2014,"Europe",2.38983333333333,49037
"1486","Slovakia",2015,"Europe",2.20841666666667,49037
"1487","Slovakia",2016,"Europe",1.64308333333333,49037
"1488","Slovakia",2017,"Europe",1.44441666666667,49037
"1489","Slovakia",2018,"Europe",2.52633333333333,49037
"1490","Slovakia",2019,"Europe",2.62583333333333,49037
"1491","Slovenia",2010,"Europe",0.61275,20273
"1492","Slovenia",2011,"Europe",1.68208333333333,20273
"1493","Slovenia",2012,"Europe",1.78225,20273
"1494","Slovenia",2013,"Europe",1.45066666666667,20273
"1495","Slovenia",2014,"Europe",2.44166666666667,20273
"1496","Slovenia",2015,"Europe",2.18475,20273
"1497","Slovenia",2016,"Europe",1.84666666666667,20273
"1498","Slovenia",2017,"Europe",1.7815,20273
"1499","Slovenia",2018,"Europe",2.41725,20273
"1500","Slovenia",2019,"Europe",2.51183333333333,20273
"1501","Solomon Islands",2010,"Australia",1.01375,28896
"1502","Solomon Islands",2011,"Australia",0.9265,28896
"1503","Solomon Islands",2012,"Australia",1.102,28896
"1504","Solomon Islands",2013,"Australia",1.31941666666667,28896
"1505","Solomon Islands",2014,"Australia",1.27775,28896
"1506","Solomon Islands",2015,"Australia",1.22033333333333,28896
"1507","Solomon Islands",2016,"Australia",1.74916666666667,28896
"1508","Solomon Islands",2017,"Australia",1.30808333333333,28896
"1509","Solomon Islands",2018,"Australia",1.23508333333333,28896
"1510","Solomon Islands",2019,"Australia",1.29708333333333,28896
"1511","Somalia",2010,"Africa",1.24458333333333,637657
"1512","Somalia",2011,"Africa",1.13075,637657
"1513","Somalia",2012,"Africa",1.3915,637657
"1514","Somalia",2013,"Africa",1.15141666666667,637657
"1515","Somalia",2014,"Africa",1.402,637657
"1516","Somalia",2015,"Africa",1.66633333333333,637657
"1517","Somalia",2016,"Africa",1.51408333333333,637657
"1518","Somalia",2017,"Africa",1.89833333333333,637657
"1519","Somalia",2018,"Africa",1.25833333333333,637657
"1520","Somalia",2019,"Africa",2.09466666666667,637657
"1521","South Africa",2010,"Africa",1.17625,1221037
"1522","South Africa",2011,"Africa",0.5135,1221037
"1523","South Africa",2012,"Africa",0.673166666666667,1221037
"1524","South Africa",2013,"Africa",0.666333333333333,1221037
"1525","South Africa",2014,"Africa",0.84525,1221037
"1526","South Africa",2015,"Africa",1.53016666666667,1221037
"1527","South Africa",2016,"Africa",1.58283333333333,1221037
"1528","South Africa",2017,"Africa",0.97825,1221037
"1529","South Africa",2018,"Africa",1.16275,1221037
"1530","South Africa",2019,"Africa",1.68216666666667,1221037
"1531","South Sudan",2010,"Africa",0,619745
"1532","South Sudan",2011,"Africa",1.36133333333333,619745
"1533","South Sudan",2012,"Africa",1.34875,619745
"1534","South Sudan",2013,"Africa",1.26791666666667,619745
"1535","South Sudan",2014,"Africa",0.80775,619745
"1536","South Sudan",2015,"Africa",1.19841666666667,619745
"1537","South Sudan",2016,"Africa",1.60475,619745
"1538","South Sudan",2017,"Africa",1.29241666666667,619745
"1539","South Sudan",2018,"Africa",1.08966666666667,619745
"1540","South Sudan",2019,"Africa",1.01516666666667,619745
"1541","Spain",2010,"Europe",0.8145,505992
"1542","Spain",2011,"Europe",1.62083333333333,505992
"1543","Spain",2012,"Europe",0.99875,505992
"1544","Spain",2013,"Europe",0.792166666666667,505992
"1545","Spain",2014,"Europe",1.57041666666667,505992
"1546","Spain",2015,"Europe",1.67733333333333,505992
"1547","Spain",2016,"Europe",1.53966666666667,505992
"1548","Spain",2017,"Europe",1.83591666666667,505992
"1549","Spain",2018,"Europe",1.16816666666667,505992
"1550","Spain",2019,"Europe",1.634,505992
"1551","Sri Lanka",2010,"Asia",1.04816666666667,65610
"1552","Sri Lanka",2011,"Asia",0.798333333333333,65610
"1553","Sri Lanka",2012,"Asia",0.966583333333333,65610
"1554","Sri Lanka",2013,"Asia",0.840666666666667,65610
"1555","Sri Lanka",2014,"Asia",1.0045,65610
"1556","Sri Lanka",2015,"Asia",1.05158333333333,65610
"1557","Sri Lanka",2016,"Asia",1.33858333333333,65610
"1558","Sri Lanka",2017,"Asia",1.085,65610
"1559","Sri Lanka",2018,"Asia",0.844,65610
"1560","Sri Lanka",2019,"Asia",1.252,65610
"1561","Sudan",2010,"Africa",0,1886068
"1562","Sudan",2011,"Africa",0.939916666666667,1886068
"1563","Sudan",2012,"Africa",1.10916666666667,1886068
"1564","Sudan",2013,"Africa",1.24941666666667,1886068
"1565","Sudan",2014,"Africa",1.139,1886068
"1566","Sudan",2015,"Africa",1.3065,1886068
"1567","Sudan",2016,"Africa",1.60716666666667,1886068
"1568","Sudan",2017,"Africa",1.44608333333333,1886068
"1569","Sudan",2018,"Africa",1.16683333333333,1886068
"1570","Sudan",2019,"Africa",1.04708333333333,1886068
"1571","Suriname",2010,"South America",1.54891666666667,163820
"1572","Suriname",2011,"South America",0.99975,163820
"1573","Suriname",2012,"South America",1.15725,163820
"1574","Suriname",2013,"South America",1.251,163820
"1575","Suriname",2014,"South America",1.43266666666667,163820
"1576","Suriname",2015,"South America",1.31708333333333,163820
"1577","Suriname",2016,"South America",1.74266666666667,163820
"1578","Suriname",2017,"South America",1.39033333333333,163820
"1579","Suriname",2018,"South America",1.17075,163820
"1580","Suriname",2019,"South America",1.59141666666667,163820
"1581","Sweden",2010,"Europe",-0.669666666666667,450295
"1582","Sweden",2011,"Europe",2.094,450295
"1583","Sweden",2012,"Europe",0.736916666666667,450295
"1584","Sweden",2013,"Europe",1.46125,450295
"1585","Sweden",2014,"Europe",2.502,450295
"1586","Sweden",2015,"Europe",2.30558333333333,450295
"1587","Sweden",2016,"Europe",1.76941666666667,450295
"1588","Sweden",2017,"Europe",1.4445,450295
"1589","Sweden",2018,"Europe",1.84775,450295
"1590","Sweden",2019,"Europe",1.74058333333333,450295
"1591","Switzerland",2010,"Europe",0.301,41284
"1592","Switzerland",2011,"Europe",2.02208333333333,41284
"1593","Switzerland",2012,"Europe",1.37816666666667,41284
"1594","Switzerland",2013,"Europe",0.867416666666667,41284
"1595","Switzerland",2014,"Europe",2.17058333333333,41284
"1596","Switzerland",2015,"Europe",2.14391666666667,41284
"1597","Switzerland",2016,"Europe",1.57933333333333,41284
"1598","Switzerland",2017,"Europe",1.74166666666667,41284
"1599","Switzerland",2018,"Europe",2.47883333333333,41284
"1600","Switzerland",2019,"Europe",2.14458333333333,41284
"1601","Tajikistan",2010,"Asia",1.24208333333333,143100
"1602","Tajikistan",2011,"Asia",1.03341666666667,143100
"1603","Tajikistan",2012,"Asia",0.00591666666666665,143100
"1604","Tajikistan",2013,"Asia",1.20516666666667,143100
"1605","Tajikistan",2014,"Asia",0.49,143100
"1606","Tajikistan",2015,"Asia",1.29933333333333,143100
"1607","Tajikistan",2016,"Asia",1.82766666666667,143100
"1608","Tajikistan",2017,"Asia",1.22008333333333,143100
"1609","Tajikistan",2018,"Asia",1.76241666666667,143100
"1610","Tajikistan",2019,"Asia",1.42,143100
"1611","Thailand",2010,"Asia",1.2315,513120
"1612","Thailand",2011,"Asia",0.14075,513120
"1613","Thailand",2012,"Asia",1.04241666666667,513120
"1614","Thailand",2013,"Asia",0.77125,513120
"1615","Thailand",2014,"Asia",0.815583333333333,513120
"1616","Thailand",2015,"Asia",1.28066666666667,513120
"1617","Thailand",2016,"Asia",1.36325,513120
"1618","Thailand",2017,"Asia",0.931583333333333,513120
"1619","Thailand",2018,"Asia",0.922833333333333,513120
"1620","Thailand",2019,"Asia",1.55983333333333,513120
"1621","Togo",2010,"Africa",1.30666666666667,56785
"1622","Togo",2011,"Africa",0.972083333333333,56785
"1623","Togo",2012,"Africa",0.770666666666667,56785
"1624","Togo",2013,"Africa",0.88075,56785
"1625","Togo",2014,"Africa",1.06133333333333,56785
"1626","Togo",2015,"Africa",1.16408333333333,56785
"1627","Togo",2016,"Africa",1.47925,56785
"1628","Togo",2017,"Africa",1.32708333333333,56785
"1629","Togo",2018,"Africa",1.23591666666667,56785
"1630","Togo",2019,"Africa",1.38941666666667,56785
"1631","Tonga",2010,"Australia",1.21583333333333,747
"1632","Tonga",2011,"Australia",0.944416666666667,747
"1633","Tonga",2012,"Australia",1.00258333333333,747
"1634","Tonga",2013,"Australia",1.13741666666667,747
"1635","Tonga",2014,"Australia",1.00191666666667,747
"1636","Tonga",2015,"Australia",1.08566666666667,747
"1637","Tonga",2016,"Australia",1.57358333333333,747
"1638","Tonga",2017,"Australia",1.32683333333333,747
"1639","Tonga",2018,"Australia",1.36708333333333,747
"1640","Tonga",2019,"Australia",1.928,747
"1641","Trinidad and Tobago",2010,"North America",1.58016666666667,5130
"1642","Trinidad and Tobago",2011,"North America",1.16733333333333,5130
"1643","Trinidad and Tobago",2012,"North America",0.97125,5130
"1644","Trinidad and Tobago",2013,"North America",0.887583333333333,5130
"1645","Trinidad and Tobago",2014,"North America",1.2855,5130
"1646","Trinidad and Tobago",2015,"North America",1.28483333333333,5130
"1647","Trinidad and Tobago",2016,"North America",0.199666666666667,5130
"1648","Trinidad and Tobago",2017,"North America",0.908916666666667,5130
"1649","Trinidad and Tobago",2018,"North America",0.872083333333333,5130
"1650","Trinidad and Tobago",2019,"North America",1.46616666666667,5130
"1651","Tunisia",2010,"Africa",1.87366666666667,163610
"1652","Tunisia",2011,"Africa",1.208,163610
"1653","Tunisia",2012,"Africa",1.82191666666667,163610
"1654","Tunisia",2013,"Africa",1.57541666666667,163610
"1655","Tunisia",2014,"Africa",1.95091666666667,163610
"1656","Tunisia",2015,"Africa",1.34908333333333,163610
"1657","Tunisia",2016,"Africa",2.12591666666667,163610
"1658","Tunisia",2017,"Africa",1.34158333333333,163610
"1659","Tunisia",2018,"Africa",1.7935,163610
"1660","Tunisia",2019,"Africa",1.60216666666667,163610
"1661","Turkey",2010,"Asia",2.41941666666667,783562
"1662","Turkey",2011,"Asia",0.101333333333333,783562
"1663","Turkey",2012,"Asia",1.05866666666667,783562
"1664","Turkey",2013,"Asia",1.03033333333333,783562
"1665","Turkey",2014,"Asia",1.78858333333333,783562
"1666","Turkey",2015,"Asia",0.494166666666667,783562
"1667","Turkey",2016,"Asia",1.383,783562
"1668","Turkey",2017,"Asia",1.21441666666667,783562
"1669","Turkey",2018,"Asia",2.506,783562
"1670","Turkey",2019,"Asia",1.79208333333333,783562
"1671","Turkmenistan",2010,"Asia",1.97066666666667,488100
"1672","Turkmenistan",2011,"Asia",0.745333333333333,488100
"1673","Turkmenistan",2012,"Asia",0.847833333333333,488100
"1674","Turkmenistan",2013,"Asia",1.86783333333333,488100
"1675","Turkmenistan",2014,"Asia",0.823666666666667,488100
"1676","Turkmenistan",2015,"Asia",1.629,488100
"1677","Turkmenistan",2016,"Asia",2.003,488100
"1678","Turkmenistan",2017,"Asia",1.61833333333333,488100
"1679","Turkmenistan",2018,"Asia",1.78791666666667,488100
"1680","Turkmenistan",2019,"Asia",1.95516666666667,488100
"1681","Tuvalu",2010,"Australia",1.01983333333333,26
"1682","Tuvalu",2011,"Australia",0.84525,26
"1683","Tuvalu",2012,"Australia",0.739416666666667,26
"1684","Tuvalu",2013,"Australia",0.75775,26
"1685","Tuvalu",2014,"Australia",0.79525,26
"1686","Tuvalu",2015,"Australia",0.896916666666667,26
"1687","Tuvalu",2016,"Australia",0.956666666666667,26
"1688","Tuvalu",2017,"Australia",1.11191666666667,26
"1689","Tuvalu",2018,"Australia",1.08275,26
"1690","Tuvalu",2019,"Australia",1.17525,26
"1691","Uganda",2010,"Africa",1.23875,241550
"1692","Uganda",2011,"Africa",0.894583333333333,241550
"1693","Uganda",2012,"Africa",1.05233333333333,241550
"1694","Uganda",2013,"Africa",1.04991666666667,241550
"1695","Uganda",2014,"Africa",1.07083333333333,241550
"1696","Uganda",2015,"Africa",1.19175,241550
"1697","Uganda",2016,"Africa",1.2995,241550
"1698","Uganda",2017,"Africa",1.59283333333333,241550
"1699","Uganda",2018,"Africa",0.9925,241550
"1700","Uganda",2019,"Africa",1.44933333333333,241550
"1701","Ukraine",2010,"Europe",1.61566666666667,603500
"1702","Ukraine",2011,"Europe",0.866,603500
"1703","Ukraine",2012,"Europe",1.46258333333333,603500
"1704","Ukraine",2013,"Europe",1.75025,603500
"1705","Ukraine",2014,"Europe",1.6155,603500
"1706","Ukraine",2015,"Europe",2.2825,603500
"1707","Ukraine",2016,"Europe",1.737,603500
"1708","Ukraine",2017,"Europe",1.855,603500
"1709","Ukraine",2018,"Europe",1.89025,603500
"1710","Ukraine",2019,"Europe",2.70225,603500
"1711","United Arab Emirates",2010,"Asia",1.39366666666667,83600
"1712","United Arab Emirates",2011,"Asia",0.96725,83600
"1713","United Arab Emirates",2012,"Asia",1.193,83600
"1714","United Arab Emirates",2013,"Asia",0.575416666666667,83600
"1715","United Arab Emirates",2014,"Asia",0.871916666666667,83600
"1716","United Arab Emirates",2015,"Asia",1.48216666666667,83600
"1717","United Arab Emirates",2016,"Asia",1.08683333333333,83600
"1718","United Arab Emirates",2017,"Asia",1.48675,83600
"1719","United Arab Emirates",2018,"Asia",1.5745,83600
"1720","United Arab Emirates",2019,"Asia",1.15566666666667,83600
"1721","United Kingdom",2010,"Europe",-0.304416666666667,242900
"1722","United Kingdom",2011,"Europe",1.27716666666667,242900
"1723","United Kingdom",2012,"Europe",0.502333333333333,242900
"1724","United Kingdom",2013,"Europe",0.5075,242900
"1725","United Kingdom",2014,"Europe",1.6055,242900
"1726","United Kingdom",2015,"Europe",0.891083333333333,242900
"1727","United Kingdom",2016,"Europe",1.03125,242900
"1728","United Kingdom",2017,"Europe",1.31175,242900
"1729","United Kingdom",2018,"Europe",1.14866666666667,242900
"1730","United Kingdom",2019,"Europe",1.1975,242900
"1731","United Republic of Tanzania",2010,"Africa",1.19633333333333,945087
"1732","United Republic of Tanzania",2011,"Africa",0.870083333333333,945087
"1733","United Republic of Tanzania",2012,"Africa",1.03916666666667,945087
"1734","United Republic of Tanzania",2013,"Africa",1.05191666666667,945087
"1735","United Republic of Tanzania",2014,"Africa",1.08008333333333,945087
"1736","United Republic of Tanzania",2015,"Africa",1.28925,945087
"1737","United Republic of Tanzania",2016,"Africa",1.29408333333333,945087
"1738","United Republic of Tanzania",2017,"Africa",1.65358333333333,945087
"1739","United Republic of Tanzania",2018,"Africa",1.28216666666667,945087
"1740","United Republic of Tanzania",2019,"Africa",1.65875,945087
"1741","United States of America",2010,"North America",0.679916666666667,9372610
"1742","United States of America",2011,"North America",0.731666666666667,9372610
"1743","United States of America",2012,"North America",1.37883333333333,9372610
"1744","United States of America",2013,"North America",0.478916666666667,9372610
"1745","United States of America",2014,"North America",0.726,9372610
"1746","United States of America",2015,"North America",1.53733333333333,9372610
"1747","United States of America",2016,"North America",1.97391666666667,9372610
"1748","United States of America",2017,"North America",1.546,9372610
"1749","United States of America",2018,"North America",1.21183333333333,9372610
"1750","United States of America",2019,"North America",1.02975,9372610
"1751","Uruguay",2010,"South America",0.385916666666667,181034
"1752","Uruguay",2011,"South America",0.243166666666667,181034
"1753","Uruguay",2012,"South America",0.985083333333333,181034
"1754","Uruguay",2013,"South America",0.221833333333333,181034
"1755","Uruguay",2014,"South America",0.91425,181034
"1756","Uruguay",2015,"South America",1.038,181034
"1757","Uruguay",2016,"South America",0.30775,181034
"1758","Uruguay",2017,"South America",1.54425,181034
"1759","Uruguay",2018,"South America",0.956666666666667,181034
"1760","Uruguay",2019,"South America",0.800833333333333,181034
"1761","Uzbekistan",2010,"Asia",1.80741666666667,447400
"1762","Uzbekistan",2011,"Asia",0.624,447400
"1763","Uzbekistan",2012,"Asia",0.634916666666667,447400
"1764","Uzbekistan",2013,"Asia",1.81825,447400
"1765","Uzbekistan",2014,"Asia",0.152,447400
"1766","Uzbekistan",2015,"Asia",1.63,447400
"1767","Uzbekistan",2016,"Asia",2.16233333333333,447400
"1768","Uzbekistan",2017,"Asia",1.57283333333333,447400
"1769","Uzbekistan",2018,"Asia",1.16925,447400
"1770","Uzbekistan",2019,"Asia",2.10125,447400
"1771","Vanuatu",2010,"Australia",1.16283333333333,12189
"1772","Vanuatu",2011,"Australia",0.924666666666667,12189
"1773","Vanuatu",2012,"Australia",0.658916666666667,12189
"1774","Vanuatu",2013,"Australia",0.991583333333333,12189
"1775","Vanuatu",2014,"Australia",0.857166666666667,12189
"1776","Vanuatu",2015,"Australia",0.870333333333333,12189
"1777","Vanuatu",2016,"Australia",1.41641666666667,12189
"1778","Vanuatu",2017,"Australia",1.26375,12189
"1779","Vanuatu",2018,"Australia",0.680583333333333,12189
"1780","Vanuatu",2019,"Australia",1.08408333333333,12189
"1781","Yemen",2010,"Asia",0,527968
"1782","Yemen",2011,"Asia",0,527968
"1783","Yemen",2012,"Asia",0,527968
"1784","Yemen",2013,"Asia",0,527968
"1785","Yemen",2014,"Asia",0,527968
"1786","Yemen",2015,"Asia",0,527968
"1787","Yemen",2016,"Asia",0,527968
"1788","Yemen",2017,"Asia",0,527968
"1789","Yemen",2018,"Asia",0,527968
"1790","Yemen",2019,"Asia",0,527968
"1791","Zambia",2010,"Africa",1.45766666666667,752612
"1792","Zambia",2011,"Africa",1.04983333333333,752612
"1793","Zambia",2012,"Africa",1.05116666666667,752612
"1794","Zambia",2013,"Africa",1.13441666666667,752612
"1795","Zambia",2014,"Africa",1.0675,752612
"1796","Zambia",2015,"Africa",1.77208333333333,752612
"1797","Zambia",2016,"Africa",1.27616666666667,752612
"1798","Zambia",2017,"Africa",0.6665,752612
"1799","Zambia",2018,"Africa",1.19341666666667,752612
"1800","Zambia",2019,"Africa",1.41391666666667,752612
"1801","Zimbabwe",2010,"Africa",1.01083333333333,390757
"1802","Zimbabwe",2011,"Africa",0.510333333333333,390757
"1803","Zimbabwe",2012,"Africa",0.613333333333333,390757
"1804","Zimbabwe",2013,"Africa",0.390666666666667,390757
"1805","Zimbabwe",2014,"Africa",0.366583333333333,390757
"1806","Zimbabwe",2015,"Africa",1.25833333333333,390757
"1807","Zimbabwe",2016,"Africa",1.16458333333333,390757
"1808","Zimbabwe",2017,"Africa",0.224833333333333,390757
"1809","Zimbabwe",2018,"Africa",0.547166666666667,390757
"1810","Zimbabwe",2019,"Africa",1.23008333333333,390757
